ID,Lake,Time,Cohort ,Date_of_Collection,Fish_Num,Day,Width,Temperature,SL
1,GHP,Late,Late_Int,150608,82,1,1.383144794,18.41389,4.6
2,GHP,Late,Late_Int,150608,82,2,1.399605592,18.37811,4.6
3,GHP,Late,Late_Int,150608,82,3,1.679533124,18.34232,4.6
4,GHP,Late,Late_Int,150608,82,4,1.619153671,18.30654,4.6
5,GHP,Late,Late_Int,150608,84,1,1.572337064,18.48546,7.2
6,GHP,Late,Late_Int,150608,84,2,2.451644716,18.44968,7.2
7,GHP,Late,Late_Int,150608,84,3,2.450762492,18.41389,7.2
8,GHP,Late,Late_Int,150608,84,4,1.782451902,18.37811,7.2
9,GHP,Late,Late_Int,150608,84,5,1.958139186,18.34232,7.2
10,GHP,Late,Late_Int,150608,84,6,1.823061705,18.30654,7.2
11,GHP,Late,Late_Int,150608,85,2,1.657691529,18.44968,5.9
12,GHP,Late,Late_Int,150608,85,3,1.270011843,18.41389,5.9
13,GHP,Late,Late_Int,150608,85,4,1.262686952,18.37811,5.9
14,GHP,Late,Late_Int,150608,85,5,1.385404862,18.34232,5.9
15,GHP,Late,Late_Int,150608,85,6,0.99772331,18.30654,5.9
16,GHP,Late,Late_Int,150608,93,1,0.884480026,18.52125,4.8
17,GHP,Late,Late_Int,150608,93,2,1.400298422,18.48546,4.8
18,GHP,Late,Late_Int,150608,93,3,1.219064942,18.44968,4.8
19,GHP,Late,Late_Int,150608,93,4,0.959607667,18.41389,4.8
20,GHP,Late,Late_Int,150608,93,5,1.319750422,18.37811,4.8
21,GHP,Late,Late_Int,150608,93,6,1.126899984,18.34232,4.8
22,GHP,Late,Late_Int,150608,93,7,1.014596252,18.30654,4.8
23,GHP,Late,Late_Int,150608,95,2,2.508155257,18.48546,6.5
24,GHP,Late,Late_Int,150608,95,3,2.697587922,18.44968,6.5
25,GHP,Late,Late_Int,150608,95,4,1.68329461,18.41389,6.5
26,GHP,Late,Late_Int,150608,95,5,2.148474833,18.37811,6.5
27,GHP,Late,Late_Int,150608,95,6,2.906201339,18.34232,6.5
28,GHP,Late,Late_Int,150608,95,7,1.335604008,18.30654,6.5
29,GHP,Late,Late_Int,150608,96,1,2.292414386,18.44968,5.5
30,GHP,Late,Late_Int,150608,96,2,1.734352858,18.41389,5.5
31,GHP,Late,Late_Int,150608,96,3,1.386448005,18.37811,5.5
32,GHP,Late,Late_Int,150608,96,4,1.372493407,18.34232,5.5
33,GHP,Late,Late_Int,150608,96,5,1.638719241,18.30654,5.5
34,GHP,Late,Late_Int,150608,97,1,2.31276546,18.44968,6.1
35,GHP,Late,Late_Int,150608,97,2,2.176491789,18.41389,6.1
36,GHP,Late,Late_Int,150608,97,3,2.285895309,18.37811,6.1
37,GHP,Late,Late_Int,150608,97,4,2.629446481,18.34232,6.1
38,GHP,Late,Late_Int,150608,97,5,2.600662274,18.30654,6.1
39,GHP,Late,Late_Int,150608,98,1,2.441069179,18.52125,6.6
40,GHP,Late,Late_Int,150608,98,2,2.234265471,18.48546,6.6
41,GHP,Late,Late_Int,150608,98,3,1.857335758,18.44968,6.6
42,GHP,Late,Late_Int,150608,98,4,1.803098019,18.41389,6.6
43,GHP,Late,Late_Int,150608,98,5,1.384027955,18.37811,6.6
44,GHP,Late,Late_Int,150608,98,6,1.419143654,18.34232,6.6
45,GHP,Late,Late_Int,150608,98,7,1.827680017,18.30654,6.6
46,GHP,Late,Late_Int,150608,99,3,3.744922436,18.44968,7.1
47,GHP,Late,Late_Int,150608,99,4,2.370396071,18.41389,7.1
48,GHP,Late,Late_Int,150608,99,5,2.016256236,18.37811,7.1
49,GHP,Late,Late_Int,150608,99,6,2.742648459,18.34232,7.1
50,GHP,Late,Late_Int,150608,99,7,1.232334746,18.30654,7.1
51,GHP,Late,Late_Int,150608,100,2,1.605966795,18.44968,5.8
52,GHP,Late,Late_Int,150608,100,3,2.020609757,18.41389,5.8
53,GHP,Late,Late_Int,150608,100,4,2.451036147,18.37811,5.8
54,GHP,Late,Late_Int,150608,100,5,1.506534649,18.34232,5.8
55,GHP,Late,Late_Int,150608,100,6,2.05221701,18.30654,5.8
56,UMP,Late,Late_Int,150608,102,2,1.915935054,19.83706,4.4
57,UMP,Late,Late_Int,150608,102,3,1.691388112,19.89477,4.4
58,UMP,Late,Late_Int,150608,102,4,1.089187064,19.95247,4.4
59,UMP,Late,Late_Int,150608,102,5,1.918398549,20.01018,4.4
60,UMP,Late,Late_Int,150608,104,2,2.439749682,19.83706,4.5
61,UMP,Late,Late_Int,150608,104,3,1.276003452,19.89477,4.5
62,UMP,Late,Late_Int,150608,104,4,1.273214231,19.95247,4.5
63,UMP,Late,Late_Int,150608,104,5,1.601777156,20.01018,4.5
64,UMP,Late,Late_Int,150608,114,2,2.692508201,19.83706,5.9
65,UMP,Late,Late_Int,150608,114,3,2.134499972,19.89477,5.9
66,UMP,Late,Late_Int,150608,114,4,2.026306798,19.95247,5.9
67,UMP,Late,Late_Int,150608,114,5,1.457642341,20.01018,5.9
68,UMP,Late,Late_Int,150608,115,2,1.697308739,19.83706,4.9
69,UMP,Late,Late_Int,150608,115,3,1.786372121,19.89477,4.9
70,UMP,Late,Late_Int,150608,115,4,1.520373696,19.95247,4.9
71,UMP,Late,Late_Int,150608,115,5,1.397668606,20.01018,4.9
72,UMP,Late,Late_Int,150608,116,2,2.93378241,19.83706,6
73,UMP,Late,Late_Int,150608,116,3,2.857985656,19.89477,6
74,UMP,Late,Late_Int,150608,116,4,1.556489165,19.95247,6
75,UMP,Late,Late_Int,150608,116,5,0.903578301,20.01018,6
76,UMP,Late,Late_Int,150608,117,2,1.929489191,19.77935,6.1
77,UMP,Late,Late_Int,150608,117,3,2.603426505,19.83706,6.1
78,UMP,Late,Late_Int,150608,117,4,1.147079383,19.89477,6.1
79,UMP,Late,Late_Int,150608,117,5,1.248631598,19.95247,6.1
80,UMP,Late,Late_Int,150608,117,6,1.246317839,20.01018,6.1
81,UMP,Late,Late_Int,150608,118,2,2.424102823,19.77935,7.7
82,UMP,Late,Late_Int,150608,118,3,1.776026183,19.83706,7.7
83,UMP,Late,Late_Int,150608,118,4,1.551747242,19.89477,7.7
84,UMP,Late,Late_Int,150608,118,5,1.543006739,19.95247,7.7
85,UMP,Late,Late_Int,150608,118,6,1.576504723,20.01018,7.7
86,WHT,Late,Late_Int,150607,141,2,2.296300351,18.85005,8.2
87,WHT,Late,Late_Int,150607,141,3,2.598235764,18.77464,8.2
88,WHT,Late,Late_Int,150607,141,4,2.670806089,18.69923,8.2
89,WHT,Late,Late_Int,150607,141,5,2.675341909,18.62382,8.2
90,WHT,Late,Late_Int,150607,141,6,1.486373671,18.54841,8.2
91,WHT,Late,Late_Int,150607,141,7,1.996949709,18.473,8.2
92,WHT,Late,Late_Int,150607,142,1,2.626806208,18.85005,6.4
93,WHT,Late,Late_Int,150607,142,2,2.468192494,18.77464,6.4
94,WHT,Late,Late_Int,150607,142,3,2.561492228,18.69923,6.4
95,WHT,Late,Late_Int,150607,142,4,2.059272952,18.62382,6.4
96,WHT,Late,Late_Int,150607,142,5,1.957972004,18.54841,6.4
97,WHT,Late,Late_Int,150607,142,6,1.957974965,18.473,6.4
98,WHT,Late,Late_Int,150607,146,2,3.406850083,18.77464,5.6
99,WHT,Late,Late_Int,150607,146,3,2.391627668,18.69923,5.6
100,WHT,Late,Late_Int,150607,146,4,1.894999393,18.62382,5.6
101,WHT,Late,Late_Int,150607,146,5,1.520393264,18.54841,5.6
102,WHT,Late,Late_Int,150607,146,6,1.060367782,18.473,5.6
103,WHT,Late,Late_Int,150607,148,2,3.015036453,18.77464,7.3
104,WHT,Late,Late_Int,150607,148,3,2.341087736,18.69923,7.3
105,WHT,Late,Late_Int,150607,148,4,2.420901034,18.62382,7.3
106,WHT,Late,Late_Int,150607,148,5,3.618052378,18.54841,7.3
107,WHT,Late,Late_Int,150607,148,6,2.50957652,18.473,7.3
108,WHT,Late,Late_Int,150607,151,3,1.97230144,18.77464,8.1
109,WHT,Late,Late_Int,150607,151,4,1.335906495,18.69923,8.1
110,WHT,Late,Late_Int,150607,151,5,1.751403079,18.62382,8.1
111,WHT,Late,Late_Int,150607,151,6,1.630435535,18.54841,8.1
112,WHT,Late,Late_Int,150607,151,7,1.819778569,18.473,8.1
113,WHT,Late,Late_Int,150607,156,3,1.68626625,18.77464,7.5
114,WHT,Late,Late_Int,150607,156,4,2.147813541,18.69923,7.5
115,WHT,Late,Late_Int,150607,156,5,1.933631316,18.62382,7.5
116,WHT,Late,Late_Int,150607,156,6,3.016579812,18.54841,7.5
117,WHT,Late,Late_Int,150607,156,7,1.170433183,18.473,7.5
118,GHP,Late,Late_Surv,150622,163,2,2.414268482,18.48546,14.2
119,GHP,Late,Late_Surv,150622,163,3,2.216343351,18.44968,14.2
120,GHP,Late,Late_Surv,150622,163,4,1.954220211,18.41389,14.2
121,GHP,Late,Late_Surv,150622,163,5,2.799413796,18.37811,14.2
122,GHP,Late,Late_Surv,150622,163,6,2.153930008,18.34232,14.2
123,GHP,Late,Late_Surv,150622,163,7,3.198803302,18.30654,14.2
124,GHP,Late,Late_Surv,150622,163,8,3.85141929,18.38872,14.2
125,GHP,Late,Late_Surv,150622,163,9,2.936701851,18.47091,14.2
126,GHP,Late,Late_Surv,150622,163,10,3.379940041,18.55309,14.2
127,GHP,Late,Late_Surv,150622,163,11,3.839511193,18.63528,14.2
128,GHP,Late,Late_Surv,150622,163,12,3.789517064,18.71746,14.2
129,GHP,Late,Late_Surv,150622,163,13,3.241006748,18.79965,14.2
130,GHP,Late,Late_Surv,150622,163,14,1.887503697,18.88183,14.2
131,GHP,Late,Late_Surv,150622,163,15,3.00708988,19.16924,14.2
132,GHP,Late,Late_Surv,150622,163,16,2.476325606,19.45665,14.2
133,GHP,Late,Late_Surv,150622,163,17,2.358563883,19.74405,14.2
134,GHP,Late,Late_Surv,150622,163,18,4.72841667,20.03146,14.2
135,GHP,Late,Late_Surv,150622,163,19,5.909323549,20.31887,14.2
136,GHP,Late,Late_Surv,150622,163,20,4.431569402,20.60628,14.2
137,GHP,Late,Late_Surv,150622,163,21,3.955682905,20.89368,14.2
138,GHP,Late,Late_Surv,150622,163,22,3.424920407,21.18109,14.2
139,GHP,Late,Late_Surv,150622,167,3,5.00116082,18.59282,17.8
140,GHP,Late,Late_Surv,150622,167,4,4.407350217,18.55703,17.8
141,GHP,Late,Late_Surv,150622,167,5,4.297390448,18.52125,17.8
142,GHP,Late,Late_Surv,150622,167,6,4.350173572,18.48546,17.8
143,GHP,Late,Late_Surv,150622,167,7,3.809151931,18.44968,17.8
144,GHP,Late,Late_Surv,150622,167,8,4.9703716,18.41389,17.8
145,GHP,Late,Late_Surv,150622,167,9,4.205024046,18.37811,17.8
146,GHP,Late,Late_Surv,150622,167,10,4.147836128,18.34232,17.8
147,GHP,Late,Late_Surv,150622,167,11,3.395689891,18.30654,17.8
148,GHP,Late,Late_Surv,150622,167,12,3.944461902,18.38872,17.8
149,GHP,Late,Late_Surv,150622,167,13,3.632014928,18.47091,17.8
150,GHP,Late,Late_Surv,150622,167,14,3.777296264,18.55309,17.8
151,GHP,Late,Late_Surv,150622,167,15,3.411398253,18.63528,17.8
152,GHP,Late,Late_Surv,150622,167,16,3.239216234,18.71746,17.8
153,GHP,Late,Late_Surv,150622,167,17,4.057093873,18.79965,17.8
154,GHP,Late,Late_Surv,150622,167,18,4.272322696,18.88183,17.8
155,GHP,Late,Late_Surv,150622,167,19,4.240041204,19.16924,17.8
156,GHP,Late,Late_Surv,150622,167,20,5.203197697,19.45665,17.8
157,GHP,Late,Late_Surv,150622,167,21,3.034741632,19.74405,17.8
158,GHP,Late,Late_Surv,150622,167,22,3.551306303,20.03146,17.8
159,GHP,Late,Late_Surv,150622,167,23,3.519021786,20.31887,17.8
160,GHP,Late,Late_Surv,150622,167,24,5.321567429,20.60628,17.8
161,GHP,Late,Late_Surv,150622,167,25,4.057093749,20.89368,17.8
162,GHP,Late,Late_Surv,150622,167,26,3.793442681,21.18109,17.8
163,GHP,Late,Late_Surv,150622,169,2,1.920776885,18.37811,9.7
164,GHP,Late,Late_Surv,150622,169,3,1.640754622,18.34232,9.7
165,GHP,Late,Late_Surv,150622,169,4,2.320682433,18.30654,9.7
166,GHP,Late,Late_Surv,150622,169,5,1.737011859,18.38872,9.7
167,GHP,Late,Late_Surv,150622,169,6,1.709009444,18.47091,9.7
168,GHP,Late,Late_Surv,150622,169,7,1.955782162,18.55309,9.7
169,GHP,Late,Late_Surv,150622,169,8,2.556950289,18.63528,9.7
170,GHP,Late,Late_Surv,150622,169,9,2.220051087,18.71746,9.7
171,GHP,Late,Late_Surv,150622,169,10,2.26555154,18.79965,9.7
172,GHP,Late,Late_Surv,150622,169,11,2.537695079,18.88183,9.7
173,GHP,Late,Late_Surv,150622,169,12,2.962980483,19.16924,9.7
174,GHP,Late,Late_Surv,150622,169,13,2.218083352,19.45665,9.7
175,GHP,Late,Late_Surv,150622,169,14,1.973313997,19.74405,9.7
176,GHP,Late,Late_Surv,150622,169,15,2.123293578,20.03146,9.7
177,GHP,Late,Late_Surv,150622,169,16,2.50118378,20.31887,9.7
178,GHP,Late,Late_Surv,150622,169,17,1.728866471,20.60628,9.7
179,GHP,Late,Late_Surv,150622,169,18,2.497639608,20.89368,9.7
180,GHP,Late,Late_Surv,150622,169,19,2.348185831,21.18109,9.7
181,GHP,Late,Late_Surv,150622,173,4,3.914135742,18.59282,15.5
182,GHP,Late,Late_Surv,150622,173,5,3.243261636,18.55703,15.5
183,GHP,Late,Late_Surv,150622,173,6,3.286593437,18.52125,15.5
184,GHP,Late,Late_Surv,150622,173,7,3.367652062,18.48546,15.5
185,GHP,Late,Late_Surv,150622,173,8,2.84563647,18.44968,15.5
186,GHP,Late,Late_Surv,150622,173,9,3.459881943,18.41389,15.5
187,GHP,Late,Late_Surv,150622,173,10,3.118861667,18.37811,15.5
188,GHP,Late,Late_Surv,150622,173,11,3.54096043,18.34232,15.5
189,GHP,Late,Late_Surv,150622,173,12,2.951148612,18.30654,15.5
190,GHP,Late,Late_Surv,150622,173,13,3.540959557,18.38872,15.5
191,GHP,Late,Late_Surv,150622,173,14,2.199211518,18.47091,15.5
192,GHP,Late,Late_Surv,150622,173,15,2.515759125,18.55309,15.5
193,GHP,Late,Late_Surv,150622,173,16,3.789746572,18.63528,15.5
194,GHP,Late,Late_Surv,150622,173,17,4.339207505,18.71746,15.5
195,GHP,Late,Late_Surv,150622,173,18,3.708666994,18.79965,15.5
196,GHP,Late,Late_Surv,150622,173,19,3.292166517,18.88183,15.5
197,GHP,Late,Late_Surv,150622,173,20,4.528394369,19.16924,15.5
198,GHP,Late,Late_Surv,150622,173,21,2.683485715,19.45665,15.5
199,GHP,Late,Late_Surv,150622,173,22,3.665349601,19.74405,15.5
200,GHP,Late,Late_Surv,150622,173,23,3.876393583,20.03146,15.5
201,GHP,Late,Late_Surv,150622,173,24,3.665339122,20.31887,15.5
202,GHP,Late,Late_Surv,150622,173,25,2.845638788,20.60628,15.5
203,GHP,Late,Late_Surv,150622,173,26,5.385849058,20.89368,15.5
204,GHP,Late,Late_Surv,150622,173,27,4.485063004,21.18109,15.5
205,GHP,Late,Late_Surv,150622,174,5,2.202706161,18.41389,15.3
206,GHP,Late,Late_Surv,150622,174,6,2.564497773,18.37811,15.3
207,GHP,Late,Late_Surv,150622,174,7,2.650437115,18.34232,15.3
208,GHP,Late,Late_Surv,150622,174,8,3.575901392,18.30654,15.3
209,GHP,Late,Late_Surv,150622,174,9,3.068195029,18.38872,15.3
210,GHP,Late,Late_Surv,150622,174,10,3.809759053,18.47091,15.3
211,GHP,Late,Late_Surv,150622,174,11,3.77578512,18.55309,15.3
212,GHP,Late,Late_Surv,150622,174,12,3.262084315,18.63528,15.3
213,GHP,Late,Late_Surv,150622,174,13,4.1935386,18.71746,15.3
214,GHP,Late,Late_Surv,150622,174,14,5.364842021,18.79965,15.3
215,GHP,Late,Late_Surv,150622,174,15,3.25408823,18.88183,15.3
216,GHP,Late,Late_Surv,150622,174,16,3.222104058,19.16924,15.3
217,GHP,Late,Late_Surv,150622,174,17,2.456555087,19.45665,15.3
218,GHP,Late,Late_Surv,150622,174,18,3.521933372,19.74405,15.3
219,GHP,Late,Late_Surv,150622,174,19,3.134156023,20.03146,15.3
220,GHP,Late,Late_Surv,150622,174,20,2.832335073,20.31887,15.3
221,GHP,Late,Late_Surv,150622,174,21,4.003648857,20.60628,15.3
222,GHP,Late,Late_Surv,150622,174,22,3.336038976,20.89368,15.3
223,GHP,Late,Late_Surv,150622,174,23,3.70182339,21.18109,15.3
224,GHP,Late,Late_Surv,150622,175,4,2.59105428,18.41389,15.2
225,GHP,Late,Late_Surv,150622,175,5,3.397215625,18.37811,15.2
226,GHP,Late,Late_Surv,150622,175,6,1.946430294,18.34232,15.2
227,GHP,Late,Late_Surv,150622,175,7,4.206130663,18.30654,15.2
228,GHP,Late,Late_Surv,150622,175,8,3.078362308,18.38872,15.2
229,GHP,Late,Late_Surv,150622,175,9,3.235693168,18.47091,15.2
230,GHP,Late,Late_Surv,150622,175,10,3.230136934,18.55309,15.2
231,GHP,Late,Late_Surv,150622,175,11,2.091231096,18.63528,15.2
232,GHP,Late,Late_Surv,150622,175,12,2.912675935,18.71746,15.2
233,GHP,Late,Late_Surv,150622,175,13,3.395823435,18.79965,15.2
234,GHP,Late,Late_Surv,150622,175,14,3.551746948,18.88183,15.2
235,GHP,Late,Late_Surv,150622,175,15,4.037662321,19.16924,15.2
236,GHP,Late,Late_Surv,150622,175,16,4.199170006,19.45665,15.2
237,GHP,Late,Late_Surv,150622,175,17,4.044620056,19.74405,15.2
238,GHP,Late,Late_Surv,150622,175,18,3.213416211,20.03146,15.2
239,GHP,Late,Late_Surv,150622,175,19,3.235700618,20.31887,15.2
240,GHP,Late,Late_Surv,150622,175,20,4.03487396,20.60628,15.2
241,GHP,Late,Late_Surv,150622,175,21,3.071408297,20.89368,15.2
242,GHP,Late,Late_Surv,150622,175,22,4.693439157,21.18109,15.2
243,GHP,Late,Late_Surv,150622,176,3,6.245819958,18.41389,15
244,GHP,Late,Late_Surv,150622,176,4,3.317547885,18.37811,15
245,GHP,Late,Late_Surv,150622,176,5,5.070756371,18.34232,15
246,GHP,Late,Late_Surv,150622,176,6,2.794713443,18.30654,15
247,GHP,Late,Late_Surv,150622,176,7,3.964562006,18.38872,15
248,GHP,Late,Late_Surv,150622,176,8,3.483468838,18.47091,15
249,GHP,Late,Late_Surv,150622,176,9,2.868804716,18.55309,15
250,GHP,Late,Late_Surv,150622,176,10,3.483474133,18.63528,15
251,GHP,Late,Late_Surv,150622,176,11,4.546884504,18.71746,15
252,GHP,Late,Late_Surv,150622,176,12,4.952832222,18.79965,15
253,GHP,Late,Late_Surv,150622,176,13,3.334234328,18.88183,15
254,GHP,Late,Late_Surv,150622,176,14,3.969786272,19.16924,15
255,GHP,Late,Late_Surv,150622,176,15,3.781934897,19.45665,15
256,GHP,Late,Late_Surv,150622,176,16,3.574264173,19.74405,15
257,GHP,Late,Late_Surv,150622,176,17,5.114685053,20.03146,15
258,GHP,Late,Late_Surv,150622,176,18,3.905943399,20.31887,15
259,GHP,Late,Late_Surv,150622,176,19,3.175177216,20.60628,15
260,GHP,Late,Late_Surv,150622,176,20,4.790594287,20.89368,15
261,GHP,Late,Late_Surv,150622,176,21,3.539395183,21.18109,15
262,GHP,Late,Late_Surv,150622,177,2,3.292906308,18.52125,14.3
263,GHP,Late,Late_Surv,150622,177,3,3.005271187,18.48546,14.3
264,GHP,Late,Late_Surv,150622,177,4,2.459768715,18.44968,14.3
265,GHP,Late,Late_Surv,150622,177,5,2.970566021,18.41389,14.3
266,GHP,Late,Late_Surv,150622,177,6,3.560699502,18.37811,14.3
267,GHP,Late,Late_Surv,150622,177,7,3.967349774,18.34232,14.3
268,GHP,Late,Late_Surv,150622,177,8,3.798729804,18.30654,14.3
269,GHP,Late,Late_Surv,150622,177,9,3.292906308,18.38872,14.3
270,GHP,Late,Late_Surv,150622,177,10,3.367254036,18.47091,14.3
271,GHP,Late,Late_Surv,150622,177,11,3.282985344,18.55309,14.3
272,GHP,Late,Late_Surv,150622,177,12,4.076443962,18.63528,14.3
273,GHP,Late,Late_Surv,150622,177,13,4.88977529,18.71746,14.3
274,GHP,Late,Late_Surv,150622,177,14,5.554251619,18.79965,14.3
275,GHP,Late,Late_Surv,150622,177,15,2.891170717,18.88183,14.3
276,GHP,Late,Late_Surv,150622,177,16,2.58870239,19.16924,14.3
277,GHP,Late,Late_Surv,150622,177,17,3.833465754,19.45665,14.3
278,GHP,Late,Late_Surv,150622,177,18,4.432941071,19.74405,14.3
279,GHP,Late,Late_Surv,150622,177,19,3.233379306,20.03146,14.3
280,GHP,Late,Late_Surv,150622,177,20,3.972288161,20.31887,14.3
281,GHP,Late,Late_Surv,150622,177,21,3.704496301,20.60628,14.3
282,GHP,Late,Late_Surv,150622,177,22,3.406945847,20.89368,14.3
283,GHP,Late,Late_Surv,150622,177,23,4.373991824,21.18109,14.3
284,GHP,Late,Late_Surv,150622,179,4,3.224471571,18.34232,14
285,GHP,Late,Late_Surv,150622,179,5,2.232724349,18.30654,14
286,GHP,Late,Late_Surv,150622,179,6,2.622156192,18.38872,14
287,GHP,Late,Late_Surv,150622,179,7,3.707366767,18.47091,14
288,GHP,Late,Late_Surv,150622,179,8,3.317933804,18.55309,14
289,GHP,Late,Late_Surv,150622,179,9,2.775328155,18.63528,14
290,GHP,Late,Late_Surv,150622,179,10,3.045338451,18.71746,14
291,GHP,Late,Late_Surv,150622,179,11,3.047925254,18.79965,14
292,GHP,Late,Late_Surv,150622,179,12,3.336154178,18.88183,14
293,GHP,Late,Late_Surv,150622,179,13,3.116621223,19.16924,14
294,GHP,Late,Late_Surv,150622,179,14,2.425614925,19.45665,14
295,GHP,Late,Late_Surv,150622,179,15,2.456169889,19.74405,14
296,GHP,Late,Late_Surv,150622,179,16,3.875812174,20.03146,14
297,GHP,Late,Late_Surv,150622,179,17,4.265972055,20.31887,14
298,GHP,Late,Late_Surv,150622,179,18,3.551454498,20.60628,14
299,GHP,Late,Late_Surv,150622,179,19,8.036014768,20.89368,14
300,GHP,Late,Late_Surv,150622,179,20,2.127116249,21.18109,14
301,GHP,Late,Late_Surv,150622,180,2,2.593979117,18.48546,12.9
302,GHP,Late,Late_Surv,150622,180,3,3.531412898,18.44968,12.9
303,GHP,Late,Late_Surv,150622,180,4,2.529771524,18.41389,12.9
304,GHP,Late,Late_Surv,150622,180,5,1.859449364,18.37811,12.9
305,GHP,Late,Late_Surv,150622,180,6,2.352565034,18.34232,12.9
306,GHP,Late,Late_Surv,150622,180,7,2.367968945,18.30654,12.9
307,GHP,Late,Late_Surv,150622,180,8,3.395293205,18.38872,12.9
308,GHP,Late,Late_Surv,150622,180,9,3.089663353,18.47091,12.9
309,GHP,Late,Late_Surv,150622,180,10,3.372176961,18.55309,12.9
310,GHP,Late,Late_Surv,150622,180,11,1.849180437,18.63528,12.9
311,GHP,Late,Late_Surv,150622,180,12,1.80552184,18.71746,12.9
312,GHP,Late,Late_Surv,150622,180,13,2.478405872,18.79965,12.9
313,GHP,Late,Late_Surv,150622,180,14,2.576002195,18.88183,12.9
314,GHP,Late,Late_Surv,150622,180,15,2.861094256,19.16924,12.9
315,GHP,Late,Late_Surv,150622,180,16,1.664250304,19.45665,12.9
316,GHP,Late,Late_Surv,150622,180,17,2.49382826,19.74405,12.9
317,GHP,Late,Late_Surv,150622,180,18,3.135891009,20.03146,12.9
318,GHP,Late,Late_Surv,150622,180,19,2.629937105,20.31887,12.9
319,GHP,Late,Late_Surv,150622,180,20,3.11791641,20.60628,12.9
320,GHP,Late,Late_Surv,150622,180,21,3.649554818,20.89368,12.9
321,GHP,Late,Late_Surv,150622,180,22,5.077525111,21.18109,12.9
322,GHP,Late,Late_Surv,150622,178,3,4.50118159,18.34232,14.5
323,GHP,Late,Late_Surv,150622,178,4,6.012771781,18.30654,14.5
324,GHP,Late,Late_Surv,150622,178,5,4.148471789,18.38872,14.5
325,GHP,Late,Late_Surv,150622,178,6,2.950399379,18.47091,14.5
326,GHP,Late,Late_Surv,150622,178,7,2.698472154,18.55309,14.5
327,GHP,Late,Late_Surv,150622,178,8,3.286311702,18.63528,14.5
328,GHP,Late,Late_Surv,150622,178,9,2.74325286,18.71746,14.5
329,GHP,Late,Late_Surv,150622,178,10,3.028781104,18.79965,14.5
330,GHP,Late,Late_Surv,150622,178,11,4.697128079,18.88183,14.5
331,GHP,Late,Late_Surv,150622,178,12,3.314300635,19.16924,14.5
332,GHP,Late,Late_Surv,150622,178,13,5.200994654,19.45665,14.5
333,GHP,Late,Late_Surv,150622,178,14,2.127415665,19.74405,14.5
334,GHP,Late,Late_Surv,150622,178,15,2.709668307,20.03146,14.5
335,GHP,Late,Late_Surv,150622,178,16,2.978393802,20.31887,14.5
336,GHP,Late,Late_Surv,150622,178,17,2.324029525,20.60628,14.5
337,GHP,Late,Late_Surv,150622,178,18,3.773966067,20.89368,14.5
338,GHP,Late,Late_Surv,150622,178,19,3.555256719,21.18109,14.5
339,UMP,Late,Late_Surv,150622,182,2,3.022050307,19.66394,16.4
340,UMP,Late,Late_Surv,150622,182,3,2.81410594,19.72164,16.4
341,UMP,Late,Late_Surv,150622,182,4,3.012084541,19.77935,16.4
342,UMP,Late,Late_Surv,150622,182,5,3.379418858,19.83706,16.4
343,UMP,Late,Late_Surv,150622,182,6,3.44043005,19.89477,16.4
344,UMP,Late,Late_Surv,150622,182,7,5.196136657,19.95247,16.4
345,UMP,Late,Late_Surv,150622,182,8,4.932154988,20.01018,16.4
346,UMP,Late,Late_Surv,150622,182,9,4.485132719,19.9233,16.4
347,UMP,Late,Late_Surv,150622,182,10,5.387894134,19.83642,16.4
348,UMP,Late,Late_Surv,150622,182,11,5.359252591,19.74954,16.4
349,UMP,Late,Late_Surv,150622,182,12,4.746627533,19.66266,16.4
350,UMP,Late,Late_Surv,150622,182,13,4.816347096,19.57578,16.4
351,UMP,Late,Late_Surv,150622,182,14,6.300608955,19.4889,16.4
352,UMP,Late,Late_Surv,150622,182,15,6.640545882,19.40202,16.4
353,UMP,Late,Late_Surv,150622,182,16,4.330733931,19.765,16.4
354,UMP,Late,Late_Surv,150622,182,17,4.328242453,20.12798,16.4
355,UMP,Late,Late_Surv,150622,182,18,7.254410584,20.49096,16.4
356,UMP,Late,Late_Surv,150622,182,19,3.757952788,20.85393,16.4
357,UMP,Late,Late_Surv,150622,182,20,6.245816889,21.21691,16.4
358,UMP,Late,Late_Surv,150622,182,21,5.129461482,21.57989,16.4
359,UMP,Late,Late_Surv,150622,182,22,5.066152388,21.94287,16.4
360,UMP,Late,Late_Surv,150622,182,23,6.806657995,22.30585,16.4
361,UMP,Late,Late_Surv,150622,183,2,4.187923805,19.77935,14.8
362,UMP,Late,Late_Surv,150622,183,3,2.834938224,19.83706,14.8
363,UMP,Late,Late_Surv,150622,183,4,2.714431561,19.89477,14.8
364,UMP,Late,Late_Surv,150622,183,5,3.513547002,19.95247,14.8
365,UMP,Late,Late_Surv,150622,183,6,2.985032783,20.01018,14.8
366,UMP,Late,Late_Surv,150622,183,7,3.105533195,19.9233,14.8
367,UMP,Late,Late_Surv,150622,183,8,3.58965175,19.83642,14.8
368,UMP,Late,Late_Surv,150622,183,9,3.970176604,19.74954,14.8
369,UMP,Late,Late_Surv,150622,183,10,3.642505441,19.66266,14.8
370,UMP,Late,Late_Surv,150622,183,11,4.636108082,19.57578,14.8
371,UMP,Late,Late_Surv,150622,183,12,5.122329856,19.4889,14.8
372,UMP,Late,Late_Surv,150622,183,13,4.401440842,19.40202,14.8
373,UMP,Late,Late_Surv,150622,183,14,4.699532947,19.765,14.8
374,UMP,Late,Late_Surv,150622,183,15,4.734210627,20.12798,14.8
375,UMP,Late,Late_Surv,150622,183,16,6.341301556,20.49096,14.8
376,UMP,Late,Late_Surv,150622,183,17,6.127431764,20.85393,14.8
377,UMP,Late,Late_Surv,150622,183,18,5.357483581,21.21691,14.8
378,UMP,Late,Late_Surv,150622,183,19,3.782763927,21.57989,14.8
379,UMP,Late,Late_Surv,150622,183,20,3.890049299,21.94287,14.8
380,UMP,Late,Late_Surv,150622,183,21,3.663829061,22.30585,14.8
381,UMP,Late,Late_Surv,150622,184,3,5.707404594,19.83706,15
382,UMP,Late,Late_Surv,150622,184,4,3.995651853,19.89477,15
383,UMP,Late,Late_Surv,150622,184,5,4.904411644,19.95247,15
384,UMP,Late,Late_Surv,150622,184,6,4.298579324,20.01018,15
385,UMP,Late,Late_Surv,150622,184,7,1.90407512,19.9233,15
386,UMP,Late,Late_Surv,150622,184,8,3.072474922,19.83642,15
387,UMP,Late,Late_Surv,150622,184,9,3.957191282,19.74954,15
388,UMP,Late,Late_Surv,150622,184,10,3.918726885,19.66266,15
389,UMP,Late,Late_Surv,150622,184,11,4.438016344,19.57578,15
390,UMP,Late,Late_Surv,150622,184,12,3.995658772,19.4889,15
391,UMP,Late,Late_Surv,150622,184,13,4.909227026,19.40202,15
392,UMP,Late,Late_Surv,150622,184,14,4.611122331,19.765,15
393,UMP,Late,Late_Surv,150622,184,15,5.317919355,20.12798,15
394,UMP,Late,Late_Surv,150622,184,16,5.101557816,20.49096,15
395,UMP,Late,Late_Surv,150622,184,17,4.914029342,20.85393,15
396,UMP,Late,Late_Surv,150622,184,18,4.861152462,21.21691,15
397,UMP,Late,Late_Surv,150622,184,19,4.981347584,21.57989,15
398,UMP,Late,Late_Surv,150622,184,20,5.500634119,21.94287,15
399,UMP,Late,Late_Surv,150622,184,21,3.159026415,22.30585,15
400,UMP,Late,Late_Surv,150622,185,3,2.872471074,19.72164,15.3
401,UMP,Late,Late_Surv,150622,185,4,2.437396523,19.77935,15.3
402,UMP,Late,Late_Surv,150622,185,5,2.294026612,19.83706,15.3
403,UMP,Late,Late_Surv,150622,185,6,2.348403405,19.89477,15.3
404,UMP,Late,Late_Surv,150622,185,7,4.029375079,19.95247,15.3
405,UMP,Late,Late_Surv,150622,185,8,3.470691702,20.01018,15.3
406,UMP,Late,Late_Surv,150622,185,9,4.227131017,19.9233,15.3
407,UMP,Late,Late_Surv,150622,185,10,3.999705227,19.83642,15.3
408,UMP,Late,Late_Surv,150622,185,11,4.518826948,19.74954,15.3
409,UMP,Late,Late_Surv,150622,185,12,4.063980938,19.66266,15.3
410,UMP,Late,Late_Surv,150622,185,13,4.701758211,19.57578,15.3
411,UMP,Late,Late_Surv,150622,185,14,4.513877026,19.4889,15.3
412,UMP,Late,Late_Surv,150622,185,15,5.458198485,19.40202,15.3
413,UMP,Late,Late_Surv,150622,185,16,3.712951101,19.765,15.3
414,UMP,Late,Late_Surv,150622,185,17,5.704747393,20.12798,15.3
415,UMP,Late,Late_Surv,150622,185,18,4.985340996,20.49096,15.3
416,UMP,Late,Late_Surv,150622,185,19,5.552000101,20.85393,15.3
417,UMP,Late,Late_Surv,150622,185,20,3.285385533,21.21691,15.3
418,UMP,Late,Late_Surv,150622,185,21,4.593502207,21.57989,15.3
419,UMP,Late,Late_Surv,150622,185,22,6.426097041,21.94287,15.3
420,UMP,Late,Late_Surv,150622,185,23,6.269358281,22.30585,15.3
421,UMP,Late,Late_Surv,150622,186,2,4.283802304,19.60623,16.1
422,UMP,Late,Late_Surv,150622,186,3,2.341925629,19.66394,16.1
423,UMP,Late,Late_Surv,150622,186,4,2.263810393,19.72164,16.1
424,UMP,Late,Late_Surv,150622,186,5,3.023667037,19.77935,16.1
425,UMP,Late,Late_Surv,150622,186,6,5.228582887,19.83706,16.1
426,UMP,Late,Late_Surv,150622,186,7,3.520840235,19.89477,16.1
427,UMP,Late,Late_Surv,150622,186,8,3.552126896,19.95247,16.1
428,UMP,Late,Late_Surv,150622,186,9,3.674491919,20.01018,16.1
429,UMP,Late,Late_Surv,150622,186,10,4.27538796,19.9233,16.1
430,UMP,Late,Late_Surv,150622,186,11,4.127405987,19.83642,16.1
431,UMP,Late,Late_Surv,150622,186,12,3.508401798,19.74954,16.1
432,UMP,Late,Late_Surv,150622,186,13,3.34889188,19.66266,16.1
433,UMP,Late,Late_Surv,150622,186,14,5.013113177,19.57578,16.1
434,UMP,Late,Late_Surv,150622,186,15,6.167154197,19.4889,16.1
435,UMP,Late,Late_Surv,150622,186,16,3.360312395,19.40202,16.1
436,UMP,Late,Late_Surv,150622,186,17,4.313649712,19.765,16.1
437,UMP,Late,Late_Surv,150622,186,18,4.375164194,20.12798,16.1
438,UMP,Late,Late_Surv,150622,186,19,4.313649552,20.49096,16.1
439,UMP,Late,Late_Surv,150622,186,20,5.009987046,20.85393,16.1
440,UMP,Late,Late_Surv,150622,186,21,5.360487366,21.21691,16.1
441,UMP,Late,Late_Surv,150622,186,22,4.005253872,21.57989,16.1
442,UMP,Late,Late_Surv,150622,186,23,4.220155252,21.94287,16.1
443,UMP,Late,Late_Surv,150622,186,24,5.271904916,22.30585,16.1
444,UMP,Late,Late_Surv,150622,188,2,3.926620046,19.54852,17.8
445,UMP,Late,Late_Surv,150622,188,3,3.610861147,19.60623,17.8
446,UMP,Late,Late_Surv,150622,188,4,4.161099203,19.66394,17.8
447,UMP,Late,Late_Surv,150622,188,5,4.814487391,19.72164,17.8
448,UMP,Late,Late_Surv,150622,188,6,4.783219823,19.77935,17.8
449,UMP,Late,Late_Surv,150622,188,7,4.364306969,19.83706,17.8
450,UMP,Late,Late_Surv,150622,188,8,4.111072444,19.89477,17.8
451,UMP,Late,Late_Surv,150622,188,9,3.957875177,19.95247,17.8
452,UMP,Late,Late_Surv,150622,188,10,4.476860249,20.01018,17.8
453,UMP,Late,Late_Surv,150622,188,11,5.161503243,19.9233,17.8
454,UMP,Late,Late_Surv,150622,188,12,4.598771452,19.83642,17.8
455,UMP,Late,Late_Surv,150622,188,13,5.508521185,19.74954,17.8
456,UMP,Late,Late_Surv,150622,188,14,4.886401857,19.66266,17.8
457,UMP,Late,Late_Surv,150622,188,15,4.345533047,19.57578,17.8
458,UMP,Late,Late_Surv,150622,188,16,4.984026401,19.4889,17.8
459,UMP,Late,Late_Surv,150622,188,17,3.693453315,19.40202,17.8
460,UMP,Late,Late_Surv,150622,188,18,4.560353626,19.765,17.8
461,UMP,Late,Late_Surv,150622,188,19,2.984695964,20.12798,17.8
462,UMP,Late,Late_Surv,150622,188,20,4.238451418,20.49096,17.8
463,UMP,Late,Late_Surv,150622,188,21,3.970184039,20.85393,17.8
464,UMP,Late,Late_Surv,150622,188,22,3.363095995,21.21691,17.8
465,UMP,Late,Late_Surv,150622,188,23,4.328792858,21.57989,17.8
466,UMP,Late,Late_Surv,150622,188,24,5.399019904,21.94287,17.8
467,UMP,Late,Late_Surv,150622,188,25,6.347759145,22.30585,17.8
468,UMP,Late,Late_Surv,150622,189,2,4.491192262,19.77935,18
469,UMP,Late,Late_Surv,150622,189,3,3.448160849,19.83706,18
470,UMP,Late,Late_Surv,150622,189,4,4.251912315,19.89477,18
471,UMP,Late,Late_Surv,150622,189,5,4.534144684,19.95247,18
472,UMP,Late,Late_Surv,150622,189,6,4.012625903,20.01018,18
473,UMP,Late,Late_Surv,150622,189,7,4.810239277,19.9233,18
474,UMP,Late,Late_Surv,150622,189,8,4.68753288,19.83642,18
475,UMP,Late,Late_Surv,150622,189,9,5.147695778,19.74954,18
476,UMP,Late,Late_Surv,150622,189,10,5.957590282,19.66266,18
477,UMP,Late,Late_Surv,150622,189,11,5.87782382,19.57578,18
478,UMP,Late,Late_Surv,150622,189,12,6.546589487,19.4889,18
479,UMP,Late,Late_Surv,150622,189,13,5.969852879,19.40202,18
480,UMP,Late,Late_Surv,150622,189,14,5.521968327,19.765,18
481,UMP,Late,Late_Surv,150622,189,15,5.270409411,20.12798,18
482,UMP,Late,Late_Surv,150622,189,16,5.20904397,20.49096,18
483,UMP,Late,Late_Surv,150622,189,17,6.160056193,20.85393,18
484,UMP,Late,Late_Surv,150622,189,18,7.411702385,21.21691,18
485,UMP,Late,Late_Surv,150622,189,19,7.331934709,21.57989,18
486,UMP,Late,Late_Surv,150622,189,20,7.319670259,21.94287,18
487,UMP,Late,Late_Surv,150622,189,21,8.4486147,22.30585,18
488,UMP,Late,Late_Surv,150622,191,3,3.916831669,19.66394,15.9
489,UMP,Late,Late_Surv,150622,191,4,2.899294476,19.72164,15.9
490,UMP,Late,Late_Surv,150622,191,5,2.989604645,19.77935,15.9
491,UMP,Late,Late_Surv,150622,191,6,2.109624205,19.83706,15.9
492,UMP,Late,Late_Surv,150622,191,7,3.504154698,19.89477,15.9
493,UMP,Late,Late_Surv,150622,191,8,3.233228188,19.95247,15.9
494,UMP,Late,Late_Surv,150622,191,9,3.068360499,20.01018,15.9
495,UMP,Late,Late_Surv,150622,191,10,3.85802624,19.9233,15.9
496,UMP,Late,Late_Surv,150622,191,11,3.975634289,19.83642,15.9
497,UMP,Late,Late_Surv,150622,191,12,3.91682605,19.74954,15.9
498,UMP,Late,Late_Surv,150622,191,13,3.02111418,19.66266,15.9
499,UMP,Late,Late_Surv,150622,191,14,3.602836451,19.57578,15.9
500,UMP,Late,Late_Surv,150622,191,15,4.08172356,19.4889,15.9
501,UMP,Late,Late_Surv,150622,191,16,4.171859442,19.40202,15.9
502,UMP,Late,Late_Surv,150622,191,17,4.075712501,19.765,15.9
503,UMP,Late,Late_Surv,150622,191,18,3.895451879,20.12798,15.9
504,UMP,Late,Late_Surv,150622,191,19,3.946951315,20.49096,15.9
505,UMP,Late,Late_Surv,150622,191,20,4.274865339,20.85393,15.9
506,UMP,Late,Late_Surv,150622,191,21,6.252624722,21.21691,15.9
507,UMP,Late,Late_Surv,150622,191,22,6.508112626,21.57989,15.9
508,UMP,Late,Late_Surv,150622,191,23,6.211553537,21.94287,15.9
509,UMP,Late,Late_Surv,150622,191,24,3.03130108,22.30585,15.9
510,UMP,Late,Late_Surv,150622,192,3,4.852315957,19.77935,16.9
511,UMP,Late,Late_Surv,150622,192,4,3.845091515,19.83706,16.9
512,UMP,Late,Late_Surv,150622,192,5,3.286353724,19.89477,16.9
513,UMP,Late,Late_Surv,150622,192,6,4.13181882,19.95247,16.9
514,UMP,Late,Late_Surv,150622,192,7,2.91138938,20.01018,16.9
515,UMP,Late,Late_Surv,150622,192,8,3.661302278,19.9233,16.9
516,UMP,Late,Late_Surv,150622,192,9,3.639232263,19.83642,16.9
517,UMP,Late,Late_Surv,150622,192,10,4.006848038,19.74954,16.9
518,UMP,Late,Late_Surv,150622,192,11,3.683352384,19.66266,16.9
519,UMP,Late,Late_Surv,150622,192,12,4.058301167,19.57578,16.9
520,UMP,Late,Late_Surv,150622,192,13,4.719984578,19.4889,16.9
521,UMP,Late,Late_Surv,150622,192,14,4.933192399,19.40202,16.9
522,UMP,Late,Late_Surv,150622,192,15,4.17593917,19.765,16.9
523,UMP,Late,Late_Surv,150622,192,16,5.109640847,20.12798,16.9
524,UMP,Late,Late_Surv,150622,192,17,4.602348405,20.49096,16.9
525,UMP,Late,Late_Surv,150622,192,18,5.41843176,20.85393,16.9
526,UMP,Late,Late_Surv,150622,192,19,6.403596514,21.21691,16.9
527,UMP,Late,Late_Surv,150622,192,20,4.565590227,21.57989,16.9
528,UMP,Late,Late_Surv,150622,192,21,5.440483468,21.94287,16.9
529,UMP,Late,Late_Surv,150622,192,22,4.334026013,22.30585,16.9
530,UMP,Late,Late_Surv,150622,194,2,3.897530513,19.72164,16.5
531,UMP,Late,Late_Surv,150622,194,3,4.843231754,19.77935,16.5
532,UMP,Late,Late_Surv,150622,194,4,4.909101995,19.83706,16.5
533,UMP,Late,Late_Surv,150622,194,5,5.057869272,19.89477,16.5
534,UMP,Late,Late_Surv,150622,194,6,5.459524285,19.95247,16.5
535,UMP,Late,Late_Surv,150622,194,7,2.905084826,20.01018,16.5
536,UMP,Late,Late_Surv,150622,194,8,3.521374658,19.9233,16.5
537,UMP,Late,Late_Surv,150622,194,9,5.835677175,19.83642,16.5
538,UMP,Late,Late_Surv,150622,194,10,4.377824665,19.74954,16.5
539,UMP,Late,Late_Surv,150622,194,11,5.291633116,19.66266,16.5
540,UMP,Late,Late_Surv,150622,194,12,3.164356193,19.57578,16.5
541,UMP,Late,Late_Surv,150622,194,13,5.051491074,19.4889,16.5
542,UMP,Late,Late_Surv,150622,194,14,5.499895103,19.40202,16.5
543,UMP,Late,Late_Surv,150622,194,15,4.915477791,19.765,16.5
544,UMP,Late,Late_Surv,150622,194,16,7.680317673,20.12798,16.5
545,UMP,Late,Late_Surv,150622,194,17,5.038738049,20.49096,16.5
546,UMP,Late,Late_Surv,150622,194,18,4.668968357,20.85393,16.5
547,UMP,Late,Late_Surv,150622,194,19,5.013235689,21.21691,16.5
548,UMP,Late,Late_Surv,150622,194,20,5.642287524,21.57989,16.5
549,UMP,Late,Late_Surv,150622,194,21,7.049132038,21.94287,16.5
550,UMP,Late,Late_Surv,150622,194,22,2.851960512,22.30585,16.5
551,UMP,Late,Late_Surv,150622,195,3,4.149143948,19.66394,17
552,UMP,Late,Late_Surv,150622,195,4,4.579801291,19.72164,17
553,UMP,Late,Late_Surv,150622,195,5,4.569322144,19.77935,17
554,UMP,Late,Late_Surv,150622,195,6,4.401235498,19.83706,17
555,UMP,Late,Late_Surv,150622,195,7,4.957968285,19.89477,17
556,UMP,Late,Late_Surv,150622,195,8,4.936955465,19.95247,17
557,UMP,Late,Late_Surv,150622,195,9,4.086116426,20.01018,17
558,UMP,Late,Late_Surv,150622,195,10,4.380235366,19.9233,17
559,UMP,Late,Late_Surv,150622,195,11,5.766778786,19.83642,17
560,UMP,Late,Late_Surv,150622,195,12,4.128143816,19.74954,17
561,UMP,Late,Late_Surv,150622,195,13,4.863424677,19.66266,17
562,UMP,Late,Late_Surv,150622,195,14,4.432760771,19.57578,17
563,UMP,Late,Late_Surv,150622,195,15,6.291985315,19.4889,17
564,UMP,Late,Late_Surv,150622,195,16,6.575609686,19.40202,17
565,UMP,Late,Late_Surv,150622,195,17,5.409640035,19.765,17
566,UMP,Late,Late_Surv,150622,195,18,4.600828385,20.12798,17
567,UMP,Late,Late_Surv,150622,195,19,5.441145674,20.49096,17
568,UMP,Late,Late_Surv,150622,195,20,4.107130121,20.85393,17
569,UMP,Late,Late_Surv,150622,195,21,6.796177767,21.21691,17
570,UMP,Late,Late_Surv,150622,195,22,7.626052287,21.57989,17
571,UMP,Late,Late_Surv,150622,195,23,5.314373013,21.94287,17
572,UMP,Late,Late_Surv,150622,195,24,2.651532523,22.30585,17
573,UMP,Late,Late_Surv,150622,196,1,3.434388873,19.83706,13.8
574,UMP,Late,Late_Surv,150622,196,2,2.073054622,19.89477,13.8
575,UMP,Late,Late_Surv,150622,196,3,2.134631092,19.95247,13.8
576,UMP,Late,Late_Surv,150622,196,4,1.826745139,20.01018,13.8
577,UMP,Late,Late_Surv,150622,196,5,2.134635635,19.9233,13.8
578,UMP,Late,Late_Surv,150622,196,6,2.586184165,19.83642,13.8
579,UMP,Late,Late_Surv,150622,196,7,2.319351925,19.74954,13.8
580,UMP,Late,Late_Surv,150622,196,8,3.181416366,19.66266,13.8
581,UMP,Late,Late_Surv,150622,196,9,2.606716361,19.57578,13.8
582,UMP,Late,Late_Surv,150622,196,10,4.905535466,19.4889,13.8
583,UMP,Late,Late_Surv,150622,196,11,2.62723579,19.40202,13.8
584,UMP,Late,Late_Surv,150622,196,12,4.105053595,19.765,13.8
585,UMP,Late,Late_Surv,150622,196,13,3.50982197,20.12798,13.8
586,UMP,Late,Late_Surv,150622,196,14,3.73560028,20.49096,13.8
587,UMP,Late,Late_Surv,150622,196,15,4.526855626,20.85393,13.8
588,UMP,Late,Late_Surv,150622,196,16,5.512123609,21.21691,13.8
589,UMP,Late,Late_Surv,150622,196,17,4.237975104,21.57989,13.8
590,UMP,Late,Late_Surv,150622,196,18,5.733730514,21.94287,13.8
591,UMP,Late,Late_Surv,150622,196,19,4.099471474,22.30585,13.8
592,UMP,Late,Late_Surv,150622,197,3,5.421023106,19.77935,14.7
593,UMP,Late,Late_Surv,150622,197,4,2.459057172,19.83706,14.7
594,UMP,Late,Late_Surv,150622,197,5,3.765614456,19.89477,14.7
595,UMP,Late,Late_Surv,150622,197,6,3.236803546,19.95247,14.7
596,UMP,Late,Late_Surv,150622,197,7,5.775917556,20.01018,14.7
597,UMP,Late,Late_Surv,150622,197,8,5.35071579,19.9233,14.7
598,UMP,Late,Late_Surv,150622,197,9,4.572967264,19.83642,14.7
599,UMP,Late,Late_Surv,150622,197,10,4.315285634,19.74954,14.7
600,UMP,Late,Late_Surv,150622,197,11,4.697433591,19.66266,14.7
601,UMP,Late,Late_Surv,150622,197,12,4.231523129,19.57578,14.7
602,UMP,Late,Late_Surv,150622,197,13,4.352294323,19.4889,14.7
603,UMP,Late,Late_Surv,150622,197,14,5.275026763,19.40202,14.7
604,UMP,Late,Late_Surv,150622,197,15,5.740258917,19.765,14.7
605,UMP,Late,Late_Surv,150622,197,16,4.374492869,20.12798,14.7
606,UMP,Late,Late_Surv,150622,197,17,3.225703108,20.49096,14.7
607,UMP,Late,Late_Surv,150622,197,18,3.570836448,20.85393,14.7
608,UMP,Late,Late_Surv,150622,197,19,4.513765614,21.21691,14.7
609,UMP,Late,Late_Surv,150622,197,20,3.654604539,21.57989,14.7
610,UMP,Late,Late_Surv,150622,197,21,4.083566884,21.94287,14.7
611,UMP,Late,Late_Surv,150622,197,22,3.988647917,22.30585,14.7
612,UMP,Late,Late_Surv,150622,199,3,4.535443558,19.77935,17
613,UMP,Late,Late_Surv,150622,199,4,3.454174654,19.83706,17
614,UMP,Late,Late_Surv,150622,199,5,2.884290433,19.89477,17
615,UMP,Late,Late_Surv,150622,199,6,3.130921864,19.95247,17
616,UMP,Late,Late_Surv,150622,199,7,3.454174654,20.01018,17
617,UMP,Late,Late_Surv,150622,199,8,3.539178094,19.9233,17
618,UMP,Late,Late_Surv,150622,199,9,3.870802867,19.83642,17
619,UMP,Late,Late_Surv,150622,199,10,4.092365473,19.74954,17
620,UMP,Late,Late_Surv,150622,199,11,5.513584009,19.66266,17
621,UMP,Late,Late_Surv,150622,199,12,6.959917785,19.57578,17
622,UMP,Late,Late_Surv,150622,199,13,5.751860461,19.4889,17
623,UMP,Late,Late_Surv,150622,199,14,3.955791073,19.40202,17
624,UMP,Late,Late_Surv,150622,199,15,4.86707843,19.765,17
625,UMP,Late,Late_Surv,150622,199,16,5.325475851,20.12798,17
626,UMP,Late,Late_Surv,150622,199,17,6.272977544,20.49096,17
627,UMP,Late,Late_Surv,150622,199,18,5.080247658,20.85393,17
628,UMP,Late,Late_Surv,150622,199,19,5.428627694,21.21691,17
629,UMP,Late,Late_Surv,150622,199,20,6.133634954,21.57989,17
630,UMP,Late,Late_Surv,150622,199,21,6.578130937,21.94287,17
631,UMP,Late,Late_Surv,150622,199,22,6.143406412,22.30585,17
632,UMP,Late,Late_Surv,150622,200,3,4.716910975,19.83706,15.8
633,UMP,Late,Late_Surv,150622,200,4,3.582346665,19.89477,15.8
634,UMP,Late,Late_Surv,150622,200,5,3.777478925,19.95247,15.8
635,UMP,Late,Late_Surv,150622,200,6,3.285946869,20.01018,15.8
636,UMP,Late,Late_Surv,150622,200,7,3.182208937,19.9233,15.8
637,UMP,Late,Late_Surv,150622,200,8,3.300765455,19.83642,15.8
638,UMP,Late,Late_Surv,150622,200,9,3.649042675,19.74954,15.8
639,UMP,Late,Late_Surv,150622,200,10,3.545290763,19.66266,15.8
640,UMP,Late,Late_Surv,150622,200,11,4.395810182,19.57578,15.8
641,UMP,Late,Late_Surv,150622,200,12,4.613171364,19.4889,15.8
642,UMP,Late,Late_Surv,150622,200,13,4.090345493,19.40202,15.8
643,UMP,Late,Late_Surv,150622,200,14,4.353818648,19.765,15.8
644,UMP,Late,Late_Surv,150622,200,15,4.883221075,20.12798,15.8
645,UMP,Late,Late_Surv,150622,200,16,4.407213866,20.49096,15.8
646,UMP,Late,Late_Surv,150622,200,17,3.819987679,20.85393,15.8
647,UMP,Late,Late_Surv,150622,200,18,4.386650974,21.21691,15.8
648,UMP,Late,Late_Surv,150622,200,19,5.598868973,21.57989,15.8
649,UMP,Late,Late_Surv,150622,200,20,3.743324933,21.94287,15.8
650,UMP,Late,Late_Surv,150622,200,21,2.729993035,22.30585,15.8
651,WHT,Late,Late_Surv,150623,225,1,3.87440408,18.92545,16.8
652,WHT,Late,Late_Surv,150623,225,2,3.722297729,18.85005,16.8
653,WHT,Late,Late_Surv,150623,225,3,4.038456552,18.77464,16.8
654,WHT,Late,Late_Surv,150623,225,4,4.67076501,18.69923,16.8
655,WHT,Late,Late_Surv,150623,225,5,3.161568391,18.62382,16.8
656,WHT,Late,Late_Surv,150623,225,6,3.271921662,18.54841,16.8
657,WHT,Late,Late_Surv,150623,225,7,3.495620179,18.473,16.8
658,WHT,Late,Late_Surv,150623,225,8,4.408300921,18.67523,16.8
659,WHT,Late,Late_Surv,150623,225,9,5.347810658,18.87745,16.8
660,WHT,Late,Late_Surv,150623,225,10,4.918333542,19.07968,16.8
661,WHT,Late,Late_Surv,150623,225,11,4.694631521,19.28191,16.8
662,WHT,Late,Late_Surv,150623,225,12,5.359742768,19.48414,16.8
663,WHT,Late,Late_Surv,150623,225,13,5.347824312,19.68636,16.8
664,WHT,Late,Late_Surv,150623,225,14,6.057681325,19.88859,16.8
665,WHT,Late,Late_Surv,150623,225,15,6.057681325,20.25374,16.8
666,WHT,Late,Late_Surv,150623,225,16,6.194876471,20.61889,16.8
667,WHT,Late,Late_Surv,150623,225,17,6.37682583,20.98404,16.8
668,WHT,Late,Late_Surv,150623,225,18,7.217914406,21.34919,16.8
669,WHT,Late,Late_Surv,150623,225,19,4.948158864,21.71434,16.8
670,WHT,Late,Late_Surv,150623,225,20,5.84889289,22.07949,16.8
671,WHT,Late,Late_Surv,150623,225,21,6.964399311,22.44464,16.8
672,WHT,Late,Late_Surv,150623,225,22,4.566366494,22.80979,16.8
673,WHT,Late,Late_Surv,150623,226,2,3.334989315,19.22709,17.3
674,WHT,Late,Late_Surv,150623,226,3,3.755981358,19.15168,17.3
675,WHT,Late,Late_Surv,150623,226,4,2.880720544,19.07627,17.3
676,WHT,Late,Late_Surv,150623,226,5,4.731007169,19.00086,17.3
677,WHT,Late,Late_Surv,150623,226,6,5.21298965,18.92545,17.3
678,WHT,Late,Late_Surv,150623,226,7,6.714282107,18.85005,17.3
679,WHT,Late,Late_Surv,150623,226,8,4.570364744,18.77464,17.3
680,WHT,Late,Late_Surv,150623,226,9,5.534289697,18.69923,17.3
681,WHT,Late,Late_Surv,150623,226,10,4.638002541,18.62382,17.3
682,WHT,Late,Late_Surv,150623,226,11,5.552642695,18.54841,17.3
683,WHT,Late,Late_Surv,150623,226,12,5.650812644,18.473,17.3
684,WHT,Late,Late_Surv,150623,226,13,5.56491121,18.67523,17.3
685,WHT,Late,Late_Surv,150623,226,14,4.184419597,18.87745,17.3
686,WHT,Late,Late_Surv,150623,226,15,4.454392336,19.07968,17.3
687,WHT,Late,Late_Surv,150623,226,16,4.779569786,19.28191,17.3
688,WHT,Late,Late_Surv,150623,226,17,4.890013221,19.48414,17.3
689,WHT,Late,Late_Surv,150623,226,18,3.810149071,19.68636,17.3
690,WHT,Late,Late_Surv,150623,226,19,4.024901703,19.88859,17.3
691,WHT,Late,Late_Surv,150623,226,20,5.110883136,20.25374,17.3
692,WHT,Late,Late_Surv,150623,226,21,4.380759073,20.61889,17.3
693,WHT,Late,Late_Surv,150623,226,22,3.294769845,20.98404,17.3
694,WHT,Late,Late_Surv,150623,226,23,3.276361533,21.34919,17.3
695,WHT,Late,Late_Surv,150623,226,24,3.742666415,21.71434,17.3
696,WHT,Late,Late_Surv,150623,226,25,5.024991669,22.07949,17.3
697,WHT,Late,Late_Surv,150623,226,26,4.368487005,22.44464,17.3
698,WHT,Late,Late_Surv,150623,226,27,4.865467514,22.80979,17.3
699,WHT,Late,Late_Surv,150623,227,2,3.720059813,18.85005,15.1
700,WHT,Late,Late_Surv,150623,227,3,2.609053242,18.77464,15.1
701,WHT,Late,Late_Surv,150623,227,4,4.765057327,18.69923,15.1
702,WHT,Late,Late_Surv,150623,227,5,3.881669093,18.62382,15.1
703,WHT,Late,Late_Surv,150623,227,6,2.945981798,18.54841,15.1
704,WHT,Late,Late_Surv,150623,227,7,3.801793905,18.473,15.1
705,WHT,Late,Late_Surv,150623,227,8,3.078010675,18.67523,15.1
706,WHT,Late,Late_Surv,150623,227,9,2.952824511,18.87745,15.1
707,WHT,Late,Late_Surv,150623,227,10,3.927164618,19.07968,15.1
708,WHT,Late,Late_Surv,150623,227,11,4.277778599,19.28191,15.1
709,WHT,Late,Late_Surv,150623,227,12,4.997123573,19.48414,15.1
710,WHT,Late,Late_Surv,150623,227,13,4.396130103,19.68636,15.1
711,WHT,Late,Late_Surv,150623,227,14,5.19757906,19.88859,15.1
712,WHT,Late,Late_Surv,150623,227,15,4.719563489,20.25374,15.1
713,WHT,Late,Late_Surv,150623,227,16,5.861951726,20.61889,15.1
714,WHT,Late,Late_Surv,150623,227,17,5.608308632,20.98404,15.1
715,WHT,Late,Late_Surv,150623,227,18,4.691135884,21.34919,15.1
716,WHT,Late,Late_Surv,150623,227,19,4.848382777,21.71434,15.1
717,WHT,Late,Late_Surv,150623,227,20,5.972282787,22.07949,15.1
718,WHT,Late,Late_Surv,150623,227,21,5.363570523,22.44464,15.1
719,WHT,Late,Late_Surv,150623,227,22,1.822837599,22.80979,15.1
720,WHT,Late,Late_Surv,150623,228,2,2.830749633,18.77464,13.2
721,WHT,Late,Late_Surv,150623,228,3,2.165964767,18.69923,13.2
722,WHT,Late,Late_Surv,150623,228,4,2.312501507,18.62382,13.2
723,WHT,Late,Late_Surv,150623,228,5,3.284690391,18.54841,13.2
724,WHT,Late,Late_Surv,150623,228,6,3.588498661,18.473,13.2
725,WHT,Late,Late_Surv,150623,228,7,2.358967358,18.67523,13.2
726,WHT,Late,Late_Surv,150623,228,8,2.687779702,18.87745,13.2
727,WHT,Late,Late_Surv,150623,228,9,3.102404218,19.07968,13.2
728,WHT,Late,Late_Surv,150623,228,10,3.40619881,19.28191,13.2
729,WHT,Late,Late_Surv,150623,228,11,3.356168575,19.48414,13.2
730,WHT,Late,Late_Surv,150623,228,12,4.060287201,19.68636,13.2
731,WHT,Late,Late_Surv,150623,228,13,5.497111009,19.88859,13.2
732,WHT,Late,Late_Surv,150623,228,14,4.142484957,20.25374,13.2
733,WHT,Late,Late_Surv,150623,228,15,4.349803512,20.61889,13.2
734,WHT,Late,Late_Surv,150623,228,16,4.489186844,20.98404,13.2
735,WHT,Late,Late_Surv,150623,228,17,4.614268917,21.34919,13.2
736,WHT,Late,Late_Surv,150623,228,18,5.425634673,21.71434,13.2
737,WHT,Late,Late_Surv,150623,228,19,4.782261023,22.07949,13.2
738,WHT,Late,Late_Surv,150623,228,20,4.049559515,22.44464,13.2
739,WHT,Late,Late_Surv,150623,228,21,2.945139376,22.80979,13.2
740,WHT,Late,Late_Surv,150623,230,3,2.827005351,19.15168,14.9
741,WHT,Late,Late_Surv,150623,230,4,2.542321133,19.07627,14.9
742,WHT,Late,Late_Surv,150623,230,5,1.903431379,19.00086,14.9
743,WHT,Late,Late_Surv,150623,230,6,3.244103953,18.92545,14.9
744,WHT,Late,Late_Surv,150623,230,7,2.419840557,18.85005,14.9
745,WHT,Late,Late_Surv,150623,230,8,2.638316465,18.77464,14.9
746,WHT,Late,Late_Surv,150623,230,9,2.552251567,18.69923,14.9
747,WHT,Late,Late_Surv,150623,230,10,1.76108639,18.62382,14.9
748,WHT,Late,Late_Surv,150623,230,11,1.813558036,18.54841,14.9
749,WHT,Late,Late_Surv,150623,230,12,2.216583787,18.473,14.9
750,WHT,Late,Late_Surv,150623,230,13,2.799265227,18.67523,14.9
751,WHT,Late,Late_Surv,150623,230,14,3.742363383,18.87745,14.9
752,WHT,Late,Late_Surv,150623,230,15,3.024527471,19.07968,14.9
753,WHT,Late,Late_Surv,150623,230,16,2.240612478,19.28191,14.9
754,WHT,Late,Late_Surv,150623,230,17,2.757216001,19.48414,14.9
755,WHT,Late,Late_Surv,150623,230,18,2.778253159,19.68636,14.9
756,WHT,Late,Late_Surv,150623,230,19,3.871512566,19.88859,14.9
757,WHT,Late,Late_Surv,150623,230,20,3.009509906,20.25374,14.9
758,WHT,Late,Late_Surv,150623,230,21,3.132654032,20.61889,14.9
759,WHT,Late,Late_Surv,150623,230,22,3.219753567,20.98404,14.9
760,WHT,Late,Late_Surv,150623,230,23,2.114467197,21.34919,14.9
761,WHT,Late,Late_Surv,150623,230,24,3.213746431,21.71434,14.9
762,WHT,Late,Late_Surv,150623,230,25,5.856828458,22.07949,14.9
763,WHT,Late,Late_Surv,150623,230,26,5.81177748,22.44464,14.9
764,WHT,Late,Late_Surv,150623,230,27,5.454360305,22.80979,14.9
765,WHT,Late,Late_Surv,150623,231,4,3.33536516,18.77464,15
766,WHT,Late,Late_Surv,150623,231,5,3.504782085,18.69923,15
767,WHT,Late,Late_Surv,150623,231,6,3.40956349,18.62382,15
768,WHT,Late,Late_Surv,150623,231,7,2.807302349,18.54841,15
769,WHT,Late,Late_Surv,150623,231,8,2.857994283,18.473,15
770,WHT,Late,Late_Surv,150623,231,9,3.094209384,18.67523,15
771,WHT,Late,Late_Surv,150623,231,10,3.299499416,18.87745,15
772,WHT,Late,Late_Surv,150623,231,11,4.140440692,19.07968,15
773,WHT,Late,Late_Surv,150623,231,12,4.371714884,19.28191,15
774,WHT,Late,Late_Surv,150623,231,13,4.849073182,19.48414,15
775,WHT,Late,Late_Surv,150623,231,14,4.013076461,19.68636,15
776,WHT,Late,Late_Surv,150623,231,15,4.602968089,19.88859,15
777,WHT,Late,Late_Surv,150623,231,16,5.681370971,20.25374,15
778,WHT,Late,Late_Surv,150623,231,17,5.984355454,20.61889,15
779,WHT,Late,Late_Surv,150623,231,18,4.167662949,20.98404,15
780,WHT,Late,Late_Surv,150623,231,19,4.521353433,21.34919,15
781,WHT,Late,Late_Surv,150623,231,20,3.633400475,21.71434,15
782,WHT,Late,Late_Surv,150623,231,21,4.654912018,22.07949,15
783,WHT,Late,Late_Surv,150623,231,22,4.429836587,22.44464,15
784,WHT,Late,Late_Surv,150623,231,23,3.284654582,22.80979,15
785,WHT,Late,Late_Surv,150623,232,3,4.078839969,18.85005,14.5
786,WHT,Late,Late_Surv,150623,232,4,4.46554456,18.77464,14.5
787,WHT,Late,Late_Surv,150623,232,5,4.039337986,18.69923,14.5
788,WHT,Late,Late_Surv,150623,232,6,2.874269402,18.62382,14.5
789,WHT,Late,Late_Surv,150623,232,7,3.26208526,18.54841,14.5
790,WHT,Late,Late_Surv,150623,232,8,3.49520575,18.473,14.5
791,WHT,Late,Late_Surv,150623,232,9,3.88411149,18.67523,14.5
792,WHT,Late,Late_Surv,150623,232,10,4.388756353,18.87745,14.5
793,WHT,Late,Late_Surv,150623,232,11,4.195119658,19.07968,14.5
794,WHT,Late,Late_Surv,150623,232,12,6.372213955,19.28191,14.5
795,WHT,Late,Late_Surv,150623,232,13,5.087031062,19.48414,14.5
796,WHT,Late,Late_Surv,150623,232,14,4.661365814,19.68636,14.5
797,WHT,Late,Late_Surv,150623,232,15,5.477577371,19.88859,14.5
798,WHT,Late,Late_Surv,150623,232,16,5.748548849,20.25374,14.5
799,WHT,Late,Late_Surv,150623,232,17,5.981668808,20.61889,14.5
800,WHT,Late,Late_Surv,150623,232,18,5.553810858,20.98404,14.5
801,WHT,Late,Late_Surv,150623,232,19,5.281214334,21.34919,14.5
802,WHT,Late,Late_Surv,150623,232,20,5.669015581,21.71434,14.5
803,WHT,Late,Late_Surv,150623,232,21,4.821520612,22.07949,14.5
804,WHT,Late,Late_Surv,150623,232,22,6.176673509,22.44464,14.5
805,WHT,Late,Late_Surv,150623,232,23,5.215024107,22.80979,14.5
806,WHT,Late,Late_Surv,150623,233,3,4.487172477,19.00086,15.3
807,WHT,Late,Late_Surv,150623,233,4,3.611620936,18.92545,15.3
808,WHT,Late,Late_Surv,150623,233,5,2.542206369,18.85005,15.3
809,WHT,Late,Late_Surv,150623,233,6,3.385437449,18.77464,15.3
810,WHT,Late,Late_Surv,150623,233,7,4.468410934,18.69923,15.3
811,WHT,Late,Late_Surv,150623,233,8,4.942661981,18.62382,15.3
812,WHT,Late,Late_Surv,150623,233,9,2.732952444,18.54841,15.3
813,WHT,Late,Late_Surv,150623,233,10,2.813208776,18.473,15.3
814,WHT,Late,Late_Surv,150623,233,11,4.438187742,18.67523,15.3
815,WHT,Late,Late_Surv,150623,233,12,3.963916579,18.87745,15.3
816,WHT,Late,Late_Surv,150623,233,13,5.718143737,19.07968,15.3
817,WHT,Late,Late_Surv,150623,233,14,4.929114039,19.28191,15.3
818,WHT,Late,Late_Surv,150623,233,15,4.468407475,19.48414,15.3
819,WHT,Late,Late_Surv,150623,233,16,5.07816244,19.68636,15.3
820,WHT,Late,Late_Surv,150623,233,17,5.694171001,19.88859,15.3
821,WHT,Late,Late_Surv,150623,233,18,3.582434806,20.25374,15.3
822,WHT,Late,Late_Surv,150623,233,19,3.865946696,20.61889,15.3
823,WHT,Late,Late_Surv,150623,233,20,4.203664252,20.98404,15.3
824,WHT,Late,Late_Surv,150623,233,21,4.696677048,21.34919,15.3
825,WHT,Late,Late_Surv,150623,233,22,5.74836347,21.71434,15.3
826,WHT,Late,Late_Surv,150623,233,23,4.493439797,22.07949,15.3
827,WHT,Late,Late_Surv,150623,233,24,5.644135347,22.44464,15.3
828,WHT,Late,Late_Surv,150623,233,25,4.037910906,22.80979,15.3
829,WHT,Late,Late_Surv,150623,234,3,4.511226983,18.69923,15
830,WHT,Late,Late_Surv,150623,234,4,3.346182518,18.62382,15
831,WHT,Late,Late_Surv,150623,234,5,4.137449049,18.54841,15
832,WHT,Late,Late_Surv,150623,234,6,3.25882114,18.473,15
833,WHT,Late,Late_Surv,150623,234,7,2.885032158,18.67523,15
834,WHT,Late,Late_Surv,150623,234,8,3.016112475,18.87745,15
835,WHT,Late,Late_Surv,150623,234,9,2.592169612,19.07968,15
836,WHT,Late,Late_Surv,150623,234,10,4.804086845,19.28191,15
837,WHT,Late,Late_Surv,150623,234,11,3.59538462,19.48414,15
838,WHT,Late,Late_Surv,150623,234,12,4.68596473,19.68636,15
839,WHT,Late,Late_Surv,150623,234,13,3.601856964,19.88859,15
840,WHT,Late,Late_Surv,150623,234,14,4.661704389,20.25374,15
841,WHT,Late,Late_Surv,150623,234,15,4.467528699,20.61889,15
842,WHT,Late,Late_Surv,150623,234,16,5.446113966,20.98404,15
843,WHT,Late,Late_Surv,150623,234,17,6.202969941,21.34919,15
844,WHT,Late,Late_Surv,150623,234,18,4.858435707,21.71434,15
845,WHT,Late,Late_Surv,150623,234,19,4.649230182,22.07949,15
846,WHT,Late,Late_Surv,150623,234,20,5.49538835,22.44464,15
847,WHT,Late,Late_Surv,150623,234,21,2.991556922,22.80979,15
848,WHT,Late,Late_Surv,150623,235,3,3.426285605,19.00086,18.6
849,WHT,Late,Late_Surv,150623,235,4,4.436731524,18.92545,18.6
850,WHT,Late,Late_Surv,150623,235,5,4.596841522,18.85005,18.6
851,WHT,Late,Late_Surv,150623,235,6,4.418941531,18.77464,18.6
852,WHT,Late,Late_Surv,150623,235,7,5.607288409,18.69923,18.6
853,WHT,Late,Late_Surv,150623,235,8,5.333335329,18.62382,18.6
854,WHT,Late,Late_Surv,150623,235,9,6.703130642,18.54841,18.6
855,WHT,Late,Late_Surv,150623,235,10,6.560817056,18.473,18.6
856,WHT,Late,Late_Surv,150623,235,11,5.920385753,18.67523,18.6
857,WHT,Late,Late_Surv,150623,235,12,5.33332776,18.87745,18.6
858,WHT,Late,Late_Surv,150623,235,13,6.240606022,19.07968,18.6
859,WHT,Late,Late_Surv,150623,235,14,7.183448208,19.28191,18.6
860,WHT,Late,Late_Surv,150623,235,15,5.64642649,19.48414,18.6
861,WHT,Late,Late_Surv,150623,235,16,5.778076949,19.68636,18.6
862,WHT,Late,Late_Surv,150623,235,17,6.052026566,19.88859,18.6
863,WHT,Late,Late_Surv,150623,235,18,5.578827556,20.25374,18.6
864,WHT,Late,Late_Surv,150623,235,19,6.738713217,20.61889,18.6
865,WHT,Late,Late_Surv,150623,235,20,6.133857284,20.98404,18.6
866,WHT,Late,Late_Surv,150623,235,21,7.510781062,21.34919,18.6
867,WHT,Late,Late_Surv,150623,235,22,6.646198596,21.71434,18.6
868,WHT,Late,Late_Surv,150623,235,23,6.560824443,22.07949,18.6
869,WHT,Late,Late_Surv,150623,235,24,6.012887886,22.44464,18.6
870,WHT,Late,Late_Surv,150623,235,25,7.902163058,22.80979,18.6
871,WHT,Late,Late_Surv,150623,237,2,4.04759747,19.00086,16.4
872,WHT,Late,Late_Surv,150623,237,3,3.953843674,18.92545,16.4
873,WHT,Late,Late_Surv,150623,237,4,3.363805632,18.85005,16.4
874,WHT,Late,Late_Surv,150623,237,5,4.353635025,18.77464,16.4
875,WHT,Late,Late_Surv,150623,237,6,3.636775372,18.69923,16.4
876,WHT,Late,Late_Surv,150623,237,7,2.804087358,18.62382,16.4
877,WHT,Late,Late_Surv,150623,237,8,3.05774966,18.54841,16.4
878,WHT,Late,Late_Surv,150623,237,9,3.32795582,18.473,16.4
879,WHT,Late,Late_Surv,150623,237,10,4.659693428,18.67523,16.4
880,WHT,Late,Late_Surv,150623,237,11,3.195609699,18.87745,16.4
881,WHT,Late,Late_Surv,150623,237,12,2.456680228,19.07968,16.4
882,WHT,Late,Late_Surv,150623,237,13,3.680892371,19.28191,16.4
883,WHT,Late,Late_Surv,150623,237,14,3.620214233,19.48414,16.4
884,WHT,Late,Late_Surv,150623,237,15,2.699318296,19.68636,16.4
885,WHT,Late,Late_Surv,150623,237,16,4.006234604,19.88859,16.4
886,WHT,Late,Late_Surv,150623,237,17,5.625433445,20.25374,16.4
887,WHT,Late,Late_Surv,150623,237,18,5.855365363,20.61889,16.4
888,WHT,Late,Late_Surv,150623,237,19,4.792895988,20.98404,16.4
889,WHT,Late,Late_Surv,150623,237,20,3.662981324,21.34919,16.4
890,WHT,Late,Late_Surv,150623,237,21,6.425375021,21.71434,16.4
891,WHT,Late,Late_Surv,150623,237,22,6.62797941,22.07949,16.4
892,WHT,Late,Late_Surv,150623,237,23,4.239217289,22.44464,16.4
893,WHT,Late,Late_Surv,150623,237,24,3.134961487,22.80979,16.4
894,WHT,Late,Late_Surv,150623,238,2,3.415974743,18.85005,15.6
895,WHT,Late,Late_Surv,150623,238,3,3.747971675,18.77464,15.6
896,WHT,Late,Late_Surv,150623,238,4,4.900987883,18.69923,15.6
897,WHT,Late,Late_Surv,150623,238,5,3.316187961,18.62382,15.6
898,WHT,Late,Late_Surv,150623,238,6,2.566599765,18.54841,15.6
899,WHT,Late,Late_Surv,150623,238,7,3.462790347,18.473,15.6
900,WHT,Late,Late_Surv,150623,238,8,3.645108957,18.67523,15.6
901,WHT,Late,Late_Surv,150623,238,9,2.895504337,18.87745,15.6
902,WHT,Late,Late_Surv,150623,238,10,4.377450082,19.07968,15.6
903,WHT,Late,Late_Surv,150623,238,11,3.751048651,19.28191,15.6
904,WHT,Late,Late_Surv,150623,238,12,2.378119905,19.48414,15.6
905,WHT,Late,Late_Surv,150623,238,13,3.668517278,19.68636,15.6
906,WHT,Late,Late_Surv,150623,238,14,4.202505823,19.88859,15.6
907,WHT,Late,Late_Surv,150623,238,15,5.353096556,20.25374,15.6
908,WHT,Late,Late_Surv,150623,238,16,5.406058357,20.61889,15.6
909,WHT,Late,Late_Surv,150623,238,17,5.647503666,20.98404,15.6
910,WHT,Late,Late_Surv,150623,238,18,4.844942627,21.34919,15.6
911,WHT,Late,Late_Surv,150623,238,19,4.918243166,21.71434,15.6
912,WHT,Late,Late_Surv,150623,238,20,4.321395213,22.07949,15.6
913,WHT,Late,Late_Surv,150623,238,21,4.762417153,22.44464,15.6
914,WHT,Late,Late_Surv,150623,238,22,5.953005392,22.80979,15.6
915,WHT,Late,Late_Surv,150623,239,2,3.535035669,19.22709,15.9
916,WHT,Late,Late_Surv,150623,239,3,2.724845117,19.15168,15.9
917,WHT,Late,Late_Surv,150623,239,4,3.581931527,19.07627,15.9
918,WHT,Late,Late_Surv,150623,239,5,4.12819233,19.00086,15.9
919,WHT,Late,Late_Surv,150623,239,6,3.798967021,18.92545,15.9
920,WHT,Late,Late_Surv,150623,239,7,2.726679448,18.85005,15.9
921,WHT,Late,Late_Surv,150623,239,8,2.889463611,18.77464,15.9
922,WHT,Late,Late_Surv,150623,239,9,2.666910125,18.69923,15.9
923,WHT,Late,Late_Surv,150623,239,10,3.628830335,18.62382,15.9
924,WHT,Late,Late_Surv,150623,239,11,4.073929306,18.54841,15.9
925,WHT,Late,Late_Surv,150623,239,12,3.089945578,18.473,15.9
926,WHT,Late,Late_Surv,150623,239,13,4.330506996,18.67523,15.9
927,WHT,Late,Late_Surv,150623,239,14,3.368577505,18.87745,15.9
928,WHT,Late,Late_Surv,150623,239,15,3.896443172,19.07968,15.9
929,WHT,Late,Late_Surv,150623,239,16,4.923672595,19.28191,15.9
930,WHT,Late,Late_Surv,150623,239,17,4.323150386,19.48414,15.9
931,WHT,Late,Late_Surv,150623,239,18,4.467530697,19.68636,15.9
932,WHT,Late,Late_Surv,150623,239,19,4.015997591,19.88859,15.9
933,WHT,Late,Late_Surv,150623,239,20,3.574569357,20.25374,15.9
934,WHT,Late,Late_Surv,150623,239,21,5.005516035,20.61889,15.9
935,WHT,Late,Late_Surv,150623,239,22,4.777448049,20.98404,15.9
936,WHT,Late,Late_Surv,150623,239,23,4.276248717,21.34919,15.9
937,WHT,Late,Late_Surv,150623,239,24,3.907486514,21.71434,15.9
938,WHT,Late,Late_Surv,150623,239,25,4.332354359,22.07949,15.9
939,WHT,Late,Late_Surv,150623,239,26,2.943701689,22.44464,15.9
940,WHT,Late,Late_Surv,150623,239,27,1.75925261,22.80979,15.9
941,WHT,Late,Late_Surv,150623,240,2,3.48896991,19.07627,16.4
942,WHT,Late,Late_Surv,150623,240,3,3.561591703,19.00086,16.4
943,WHT,Late,Late_Surv,150623,240,4,2.641792065,18.92545,16.4
944,WHT,Late,Late_Surv,150623,240,5,3.941951216,18.85005,16.4
945,WHT,Late,Late_Surv,150623,240,6,5.304352901,18.77464,16.4
946,WHT,Late,Late_Surv,150623,240,7,4.540161277,18.69923,16.4
947,WHT,Late,Late_Surv,150623,240,8,4.917065099,18.62382,16.4
948,WHT,Late,Late_Surv,150623,240,9,3.717191491,18.54841,16.4
949,WHT,Late,Late_Surv,150623,240,10,4.270444923,18.473,16.4
950,WHT,Late,Late_Surv,150623,240,11,4.726889999,18.67523,16.4
951,WHT,Late,Late_Surv,150623,240,12,3.803637347,18.87745,16.4
952,WHT,Late,Late_Surv,150623,240,13,4.768376856,19.07968,16.4
953,WHT,Late,Late_Surv,150623,240,14,4.498668094,19.28191,16.4
954,WHT,Late,Late_Surv,150623,240,15,3.72410242,19.48414,16.4
955,WHT,Late,Late_Surv,150623,240,16,5.045007449,19.68636,16.4
956,WHT,Late,Late_Surv,150623,240,17,4.571281677,19.88859,16.4
957,WHT,Late,Late_Surv,150623,240,18,4.675015659,20.25374,16.4
958,WHT,Late,Late_Surv,150623,240,19,4.087184385,20.61889,16.4
959,WHT,Late,Late_Surv,150623,240,20,4.322316894,20.98404,16.4
960,WHT,Late,Late_Surv,150623,240,21,4.353420875,21.34919,16.4
961,WHT,Late,Late_Surv,150623,240,22,5.522194916,21.71434,16.4
962,WHT,Late,Late_Surv,150623,240,23,4.840997479,22.07949,16.4
963,WHT,Late,Late_Surv,150623,240,24,5.660498369,22.44464,16.4
964,WHT,Late,Late_Surv,150623,240,25,2.627968797,22.80979,16.4
965,WHT,Late,Late_Surv,150623,223,2,3.050299774,18.69923,13.2
966,WHT,Late,Late_Surv,150623,223,3,3.451281509,18.62382,13.2
967,WHT,Late,Late_Surv,150623,223,4,2.205378498,18.54841,13.2
968,WHT,Late,Late_Surv,150623,223,5,3.036001196,18.473,13.2
969,WHT,Late,Late_Surv,150623,223,6,3.68041419,18.67523,13.2
970,WHT,Late,Late_Surv,150623,223,7,2.291307548,18.87745,13.2
971,WHT,Late,Late_Surv,150623,223,8,1.818720766,19.07968,13.2
972,WHT,Late,Late_Surv,150623,223,9,2.520440229,19.28191,13.2
973,WHT,Late,Late_Surv,150623,223,10,2.692379854,19.48414,13.2
974,WHT,Late,Late_Surv,150623,223,11,3.107580872,19.68636,13.2
975,WHT,Late,Late_Surv,150623,223,12,3.078941965,19.88859,13.2
976,WHT,Late,Late_Surv,150623,223,13,3.737693469,20.25374,13.2
977,WHT,Late,Late_Surv,150623,223,14,4.253244275,20.61889,13.2
978,WHT,Late,Late_Surv,150623,223,15,4.525339812,20.98404,13.2
979,WHT,Late,Late_Surv,150623,223,16,4.754460567,21.34919,13.2
980,WHT,Late,Late_Surv,150623,223,17,4.596935814,21.71434,13.2
981,WHT,Late,Late_Surv,150623,223,18,3.53720152,22.07949,13.2
982,WHT,Late,Late_Surv,150623,223,19,3.164882284,22.44464,13.2
983,GHP,Early,Early_Surv,150608,81,2,2.139444662,18.70017,8.8
984,GHP,Early,Early_Surv,150608,81,3,1.465375413,18.66439,8.8
985,GHP,Early,Early_Surv,150608,81,4,1.502006394,18.6286,8.8
986,GHP,Early,Early_Surv,150608,81,5,1.560623985,18.59282,8.8
987,GHP,Early,Early_Surv,150608,81,6,1.443391459,18.55703,8.8
988,GHP,Early,Early_Surv,150608,81,7,1.179626787,18.52125,8.8
989,GHP,Early,Early_Surv,150608,81,8,1.63389048,18.48546,8.8
990,GHP,Early,Early_Surv,150608,81,9,2.084492738,18.44968,8.8
991,GHP,Early,Early_Surv,150608,81,10,1.926966865,18.41389,8.8
992,GHP,Early,Early_Surv,150608,81,11,1.61923611,18.37811,8.8
993,GHP,Early,Early_Surv,150608,81,12,1.948948349,18.34232,8.8
994,GHP,Early,Early_Surv,150608,81,13,2.235828068,18.30654,8.8
995,GHP,Early,Early_Surv,150608,89,4,1.872051688,18.70017,12.9
996,GHP,Early,Early_Surv,150608,89,5,2.575984746,18.66439,12.9
997,GHP,Early,Early_Surv,150608,89,6,2.952183462,18.6286,12.9
998,GHP,Early,Early_Surv,150608,89,7,2.640186801,18.59282,12.9
999,GHP,Early,Early_Surv,150608,89,8,3.45635565,18.55703,12.9
1000,GHP,Early,Early_Surv,150608,89,9,2.464205817,18.52125,12.9
1001,GHP,Early,Early_Surv,150608,89,10,3.360269301,18.48546,12.9
1002,GHP,Early,Early_Surv,150608,89,11,4.056111181,18.44968,12.9
1003,GHP,Early,Early_Surv,150608,89,12,2.992154706,18.41389,12.9
1004,GHP,Early,Early_Surv,150608,89,13,3.400225531,18.37811,12.9
1005,GHP,Early,Early_Surv,150608,89,14,4.120326315,18.34232,12.9
1006,GHP,Early,Early_Surv,150608,89,15,2.968371024,18.30654,12.9
1007,GHP,Early,Early_Surv,150608,90,3,3.137612844,18.70017,11
1008,GHP,Early,Early_Surv,150608,90,4,2.53932352,18.66439,11
1009,GHP,Early,Early_Surv,150608,90,5,2.519057165,18.6286,11
1010,GHP,Early,Early_Surv,150608,90,6,1.816964615,18.59282,11
1011,GHP,Early,Early_Surv,150608,90,7,3.071885177,18.55703,11
1012,GHP,Early,Early_Surv,150608,90,8,2.771866816,18.52125,11
1013,GHP,Early,Early_Surv,150608,90,9,3.972493507,18.48546,11
1014,GHP,Early,Early_Surv,150608,90,10,2.355752521,18.44968,11
1015,GHP,Early,Early_Surv,150608,90,11,2.540731179,18.41389,11
1016,GHP,Early,Early_Surv,150608,90,12,2.763793904,18.37811,11
1017,GHP,Early,Early_Surv,150608,90,13,2.710745677,18.34232,11
1018,GHP,Early,Early_Surv,150608,90,14,3.244370721,18.30654,11
1019,GHP,Early,Early_Surv,150608,91,2,2.390907957,18.70017,8.3
1020,GHP,Early,Early_Surv,150608,91,3,2.601999879,18.66439,8.3
1021,GHP,Early,Early_Surv,150608,91,4,2.87430409,18.6286,8.3
1022,GHP,Early,Early_Surv,150608,91,5,1.932992402,18.59282,8.3
1023,GHP,Early,Early_Surv,150608,91,6,2.163546719,18.55703,8.3
1024,GHP,Early,Early_Surv,150608,91,7,2.602071249,18.52125,8.3
1025,GHP,Early,Early_Surv,150608,91,8,2.315943059,18.48546,8.3
1026,GHP,Early,Early_Surv,150608,91,9,2.25385448,18.44968,8.3
1027,GHP,Early,Early_Surv,150608,91,10,1.750535261,18.41389,8.3
1028,GHP,Early,Early_Surv,150608,91,11,2.056179078,18.37811,8.3
1029,GHP,Early,Early_Surv,150608,91,12,1.657594986,18.34232,8.3
1030,GHP,Early,Early_Surv,150608,91,13,1.244251076,18.30654,8.3
1031,GHP,Early,Early_Surv,150608,86,3,1.631649574,18.59282,6.5
1032,GHP,Early,Early_Surv,150608,86,4,2.303164718,18.55703,6.5
1033,GHP,Early,Early_Surv,150608,86,5,1.811104084,18.52125,6.5
1034,GHP,Early,Early_Surv,150608,86,6,1.629935151,18.48546,6.5
1035,GHP,Early,Early_Surv,150608,86,7,1.820248853,18.44968,6.5
1036,GHP,Early,Early_Surv,150608,86,8,1.997410879,18.41389,6.5
1037,GHP,Early,Early_Surv,150608,86,9,1.932832443,18.37811,6.5
1038,GHP,Early,Early_Surv,150608,86,10,1.569357176,18.34232,6.5
1039,GHP,Early,Early_Surv,150608,86,11,0.785821536,18.30654,6.5
1040,GHP,Early,Early_Surv,150608,87,3,2.85664419,18.55703,7
1041,GHP,Early,Early_Surv,150608,87,4,1.705292957,18.52125,7
1042,GHP,Early,Early_Surv,150608,87,5,1.623836451,18.48546,7
1043,GHP,Early,Early_Surv,150608,87,6,2.096317618,18.44968,7
1044,GHP,Early,Early_Surv,150608,87,7,1.634694013,18.41389,7
1045,GHP,Early,Early_Surv,150608,87,8,2.031147216,18.37811,7
1046,GHP,Early,Early_Surv,150608,87,9,2.340709755,18.34232,7
1047,GHP,Early,Early_Surv,150608,87,10,1.933390009,18.30654,7
1048,UMP,Early,Early_Surv,150608,101,3,2.924710007,19.54852,8.2
1049,UMP,Early,Early_Surv,150608,101,4,1.720868128,19.60623,8.2
1050,UMP,Early,Early_Surv,150608,101,5,1.313708656,19.66394,8.2
1051,UMP,Early,Early_Surv,150608,101,6,1.365999767,19.72164,8.2
1052,UMP,Early,Early_Surv,150608,101,7,1.450016463,19.77935,8.2
1053,UMP,Early,Early_Surv,150608,101,8,1.642726115,19.83706,8.2
1054,UMP,Early,Early_Surv,150608,101,9,1.284332693,19.89477,8.2
1055,UMP,Early,Early_Surv,150608,101,10,1.503481658,19.95247,8.2
1056,UMP,Early,Early_Surv,150608,101,11,1.051086633,20.01018,8.2
1057,UMP,Early,Early_Surv,150608,105,2,2.695085481,19.49081,8
1058,UMP,Early,Early_Surv,150608,105,3,2.819083978,19.54852,8
1059,UMP,Early,Early_Surv,150608,105,4,2.139573888,19.60623,8
1060,UMP,Early,Early_Surv,150608,105,5,2.554036581,19.66394,8
1061,UMP,Early,Early_Surv,150608,105,6,2.218623107,19.72164,8
1062,UMP,Early,Early_Surv,150608,105,7,1.433508112,19.77935,8
1063,UMP,Early,Early_Surv,150608,105,8,1.67882733,19.83706,8
1064,UMP,Early,Early_Surv,150608,105,9,1.651956041,19.89477,8
1065,UMP,Early,Early_Surv,150608,105,10,1.570115529,19.95247,8
1066,UMP,Early,Early_Surv,150608,105,11,2.616038108,20.01018,8
1067,UMP,Early,Early_Surv,150608,113,3,3.615377928,19.54852,7
1068,UMP,Early,Early_Surv,150608,113,4,2.119773562,19.60623,7
1069,UMP,Early,Early_Surv,150608,113,5,1.489510483,19.66394,7
1070,UMP,Early,Early_Surv,150608,113,6,1.548812246,19.72164,7
1071,UMP,Early,Early_Surv,150608,113,7,1.388726986,19.77935,7
1072,UMP,Early,Early_Surv,150608,113,8,1.558889751,19.83706,7
1073,UMP,Early,Early_Surv,150608,113,9,1.398804976,19.89477,7
1074,UMP,Early,Early_Surv,150608,113,10,1.834293284,19.95247,7
1075,UMP,Early,Early_Surv,150608,113,11,1.126216098,20.01018,7
1076,UMP,Early,Early_Surv,150608,103,3,3.932203539,19.60623,8.6
1077,UMP,Early,Early_Surv,150608,103,4,1.93126667,19.66394,8.6
1078,UMP,Early,Early_Surv,150608,103,5,2.244465046,19.72164,8.6
1079,UMP,Early,Early_Surv,150608,103,6,1.571428651,19.77935,8.6
1080,UMP,Early,Early_Surv,150608,103,7,2.482537812,19.83706,8.6
1081,UMP,Early,Early_Surv,150608,103,8,1.091032278,19.89477,8.6
1082,UMP,Early,Early_Surv,150608,103,9,2.058484074,19.95247,8.6
1083,UMP,Early,Early_Surv,150608,103,10,1.688347065,20.01018,8.6
1084,UMP,Early,Early_Surv,150608,109,2,2.853234731,19.54852,8.8
1085,UMP,Early,Early_Surv,150608,109,3,2.433393289,19.60623,8.8
1086,UMP,Early,Early_Surv,150608,109,4,2.369563927,19.66394,8.8
1087,UMP,Early,Early_Surv,150608,109,5,2.041126473,19.72164,8.8
1088,UMP,Early,Early_Surv,150608,109,6,1.613047161,19.77935,8.8
1089,UMP,Early,Early_Surv,150608,109,7,1.673201236,19.83706,8.8
1090,UMP,Early,Early_Surv,150608,109,8,1.985090776,19.89477,8.8
1091,UMP,Early,Early_Surv,150608,109,9,2.674239587,19.95247,8.8
1092,UMP,Early,Early_Surv,150608,109,10,1.700339413,20.01018,8.8
1093,NPN,Early,Early_Surv,150609,121,3,3.83616318,18.68935,9
1094,NPN,Early,Early_Surv,150609,121,4,1.691917499,18.47954,9
1095,NPN,Early,Early_Surv,150609,121,5,2.728958762,18.26973,9
1096,NPN,Early,Early_Surv,150609,121,6,1.884117353,18.05992,9
1097,NPN,Early,Early_Surv,150609,121,7,2.013695966,17.8501,9
1098,NPN,Early,Early_Surv,150609,121,8,1.432347592,17.64029,9
1099,NPN,Early,Early_Surv,150609,121,9,2.265844907,17.43048,9
1100,NPN,Early,Early_Surv,150609,121,10,2.885708037,17.22067,9
1101,NPN,Early,Early_Surv,150609,121,11,2.465461339,17.01085,9
1102,NPN,Early,Early_Surv,150609,121,12,1.551416188,16.80104,9
1103,NPN,Early,Early_Surv,150609,123,1,1.523484882,18.68935,8.4
1104,NPN,Early,Early_Surv,150609,123,2,2.169439453,18.47954,8.4
1105,NPN,Early,Early_Surv,150609,123,3,2.543198915,18.26973,8.4
1106,NPN,Early,Early_Surv,150609,123,4,2.421328429,18.05992,8.4
1107,NPN,Early,Early_Surv,150609,123,5,2.826564181,17.8501,8.4
1108,NPN,Early,Early_Surv,150609,123,6,2.407097496,17.64029,8.4
1109,NPN,Early,Early_Surv,150609,123,7,2.014049153,17.43048,8.4
1110,NPN,Early,Early_Surv,150609,123,8,3.336431855,17.22067,8.4
1111,NPN,Early,Early_Surv,150609,123,9,1.968334825,17.01085,8.4
1112,NPN,Early,Early_Surv,150609,123,10,1.509271675,16.80104,8.4
1113,NPN,Early,Early_Surv,150609,134,2,3.111828371,18.89917,8.2
1114,NPN,Early,Early_Surv,150609,134,3,1.495109363,18.68935,8.2
1115,NPN,Early,Early_Surv,150609,134,4,1.861733362,18.47954,8.2
1116,NPN,Early,Early_Surv,150609,134,5,1.210750758,18.26973,8.2
1117,NPN,Early,Early_Surv,150609,134,6,2.017323371,18.05992,8.2
1118,NPN,Early,Early_Surv,150609,134,7,0.840552007,17.8501,8.2
1119,NPN,Early,Early_Surv,150609,134,8,2.054880291,17.64029,8.2
1120,NPN,Early,Early_Surv,150609,134,9,1.421783823,17.43048,8.2
1121,NPN,Early,Early_Surv,150609,134,10,2.006594291,17.22067,8.2
1122,NPN,Early,Early_Surv,150609,134,11,1.913595284,17.01085,8.2
1123,NPN,Early,Early_Surv,150609,134,12,1.235791222,16.80104,8.2
1124,NPN,Early,Early_Surv,150609,135,2,1.260265817,18.47954,9.1
1125,NPN,Early,Early_Surv,150609,135,3,2.574040421,18.26973,9.1
1126,NPN,Early,Early_Surv,150609,135,4,2.883311609,18.05992,9.1
1127,NPN,Early,Early_Surv,150609,135,5,2.76778064,17.8501,9.1
1128,NPN,Early,Early_Surv,150609,135,6,2.455611623,17.64029,9.1
1129,NPN,Early,Early_Surv,150609,135,7,2.967832636,17.43048,9.1
1130,NPN,Early,Early_Surv,150609,135,8,2.818730833,17.22067,9.1
1131,NPN,Early,Early_Surv,150609,135,9,1.896873433,17.01085,9.1
1132,NPN,Early,Early_Surv,150609,135,10,1.475821729,16.80104,9.1
1133,NPN,Early,Early_Surv,150609,129,1,2.0335334,18.68935,9.8
1134,NPN,Early,Early_Surv,150609,129,2,2.742613162,18.47954,9.8
1135,NPN,Early,Early_Surv,150609,129,3,1.939800705,18.26973,9.8
1136,NPN,Early,Early_Surv,150609,129,4,1.911275442,18.05992,9.8
1137,NPN,Early,Early_Surv,150609,129,5,2.481799331,17.8501,9.8
1138,NPN,Early,Early_Surv,150609,129,6,2.579608608,17.64029,9.8
1139,NPN,Early,Early_Surv,150609,129,7,2.383995825,17.43048,9.8
1140,NPN,Early,Early_Surv,150609,129,8,2.086507344,17.22067,9.8
1141,NPN,Early,Early_Surv,150609,129,9,2.567385665,17.01085,9.8
1142,NPN,Early,Early_Surv,150609,129,10,1.520052576,16.80104,9.8
1143,NPN,Early,Early_Surv,150609,123,1,1.523484882,18.68935,8.4
1144,NPN,Early,Early_Surv,150609,123,2,2.169439453,18.47954,8.4
1145,NPN,Early,Early_Surv,150609,123,3,2.543198915,18.26973,8.4
1146,NPN,Early,Early_Surv,150609,123,4,2.421328429,18.05992,8.4
1147,NPN,Early,Early_Surv,150609,123,5,2.826564181,17.8501,8.4
1148,NPN,Early,Early_Surv,150609,123,6,2.407097496,17.64029,8.4
1149,NPN,Early,Early_Surv,150609,123,7,2.014049153,17.43048,8.4
1150,NPN,Early,Early_Surv,150609,123,8,3.336431855,17.22067,8.4
1151,NPN,Early,Early_Surv,150609,123,9,1.968334825,17.01085,8.4
1152,NPN,Early,Early_Surv,150609,123,10,1.509271675,16.80104,8.4
1153,WHT,Early,Early_Surv,150609,143,1,2.317628304,19.15168,7.8
1154,WHT,Early,Early_Surv,150609,143,2,1.491886917,19.07627,7.8
1155,WHT,Early,Early_Surv,150609,143,3,1.808999197,19.00086,7.8
1156,WHT,Early,Early_Surv,150609,143,4,2.666661727,18.92545,7.8
1157,WHT,Early,Early_Surv,150609,143,5,2.423794503,18.85005,7.8
1158,WHT,Early,Early_Surv,150609,143,6,1.501602076,18.77464,7.8
1159,WHT,Early,Early_Surv,150609,143,7,1.947083409,18.69923,7.8
1160,WHT,Early,Early_Surv,150609,143,8,1.699363539,18.62382,7.8
1161,WHT,Early,Early_Surv,150609,143,9,1.657726848,18.54841,7.8
1162,WHT,Early,Early_Surv,150609,143,10,1.525541204,18.473,7.8
1163,WHT,Early,Early_Surv,150609,145,2,1.783476678,19.07627,9
1164,WHT,Early,Early_Surv,150609,145,3,2.963299604,19.00086,9
1165,WHT,Early,Early_Surv,150609,145,4,2.184743758,18.92545,9
1166,WHT,Early,Early_Surv,150609,145,5,1.80747634,18.85005,9
1167,WHT,Early,Early_Surv,150609,145,6,2.167594093,18.77464,9
1168,WHT,Early,Early_Surv,150609,145,7,1.738878954,18.69923,9
1169,WHT,Early,Early_Surv,150609,145,8,3.220529676,18.62382,9
1170,WHT,Early,Early_Surv,150609,145,9,1.738878954,18.54841,9
1171,WHT,Early,Early_Surv,150609,145,10,2.558592183,18.473,9
1172,WHT,Early,Early_Surv,150609,149,3,3.163802759,19.00086,9
1173,WHT,Early,Early_Surv,150609,149,4,3.388259336,18.92545,9
1174,WHT,Early,Early_Surv,150609,149,5,1.885899757,18.85005,9
1175,WHT,Early,Early_Surv,150609,149,6,2.313307331,18.77464,9
1176,WHT,Early,Early_Surv,150609,149,7,2.352858129,18.69923,9
1177,WHT,Early,Early_Surv,150609,149,8,2.262567768,18.62382,9
1178,WHT,Early,Early_Surv,150609,149,9,1.799040878,18.54841,9
1179,WHT,Early,Early_Surv,150609,149,10,2.747584587,18.473,9
1180,WHT,Early,Early_Surv,150609,150,2,2.319597024,19.22709,9.4
1181,WHT,Early,Early_Surv,150609,150,3,2.379254651,19.15168,9.4
1182,WHT,Early,Early_Surv,150609,150,4,1.696610641,19.07627,9.4
1183,WHT,Early,Early_Surv,150609,150,5,1.360489883,19.00086,9.4
1184,WHT,Early,Early_Surv,150609,150,6,1.097748694,18.92545,9.4
1185,WHT,Early,Early_Surv,150609,150,7,1.649845199,18.85005,9.4
1186,WHT,Early,Early_Surv,150609,150,8,2.195493196,18.77464,9.4
1187,WHT,Early,Early_Surv,150609,150,9,1.721562198,18.69923,9.4
1188,WHT,Early,Early_Surv,150609,150,10,1.387098908,18.62382,9.4
1189,WHT,Early,Early_Surv,150609,150,11,1.937542895,18.54841,9.4
1190,WHT,Early,Early_Surv,150609,150,12,1.287122964,18.473,9.4
1191,WHT,Early,Early_Surv,150609,152,2,2.488390857,19.15168,7.6
1192,WHT,Early,Early_Surv,150609,152,3,2.247659575,19.07627,7.6
1193,WHT,Early,Early_Surv,150609,152,4,1.853342237,19.00086,7.6
1194,WHT,Early,Early_Surv,150609,152,5,2.396069336,18.92545,7.6
1195,WHT,Early,Early_Surv,150609,152,6,1.800714987,18.85005,7.6
1196,WHT,Early,Early_Surv,150609,152,7,1.21657731,18.77464,7.6
1197,WHT,Early,Early_Surv,150609,152,8,2.258879674,18.69923,7.6
1198,WHT,Early,Early_Surv,150609,152,9,1.543590515,18.62382,7.6
1199,WHT,Early,Early_Surv,150609,152,10,1.313218045,18.54841,7.6
1200,WHT,Early,Early_Surv,150609,152,11,1.536692456,18.473,7.6
1201,GHP,Early,Early_Int,150515,11,2,2.585891067,16.83388,6.6
1202,GHP,Early,Early_Int,150515,11,3,1.743126727,16.9698,6.6
1203,GHP,Early,Early_Int,150515,11,4,1.560936135,17.10572,6.6
1204,GHP,Early,Early_Int,150515,11,5,1.811299589,17.24164,6.6
1205,GHP,Early,Early_Int,150515,12,2,2.146515995,16.69796,6.3
1206,GHP,Early,Early_Int,150515,12,3,1.87132135,16.83388,6.3
1207,GHP,Early,Early_Int,150515,12,4,1.816282049,16.9698,6.3
1208,GHP,Early,Early_Int,150515,12,5,1.541089267,17.10572,6.3
1209,GHP,Early,Early_Int,150515,12,6,1.486048102,17.24164,6.3
1210,GHP,Early,Early_Int,150515,13,3,3.080216026,16.83388,6.5
1211,GHP,Early,Early_Int,150515,13,4,1.733150257,16.9698,6.5
1212,GHP,Early,Early_Int,150515,13,5,1.820223988,17.10572,6.5
1213,GHP,Early,Early_Int,150515,13,6,1.239538074,17.24164,6.5
1214,GHP,Early,Early_Int,150515,14,2,1.634643427,16.69796,7.6
1215,GHP,Early,Early_Int,150515,14,3,0.886597893,16.83388,7.6
1216,GHP,Early,Early_Int,150515,14,4,2.100034013,16.9698,7.6
1217,GHP,Early,Early_Int,150515,14,5,1.205568865,17.10572,7.6
1218,GHP,Early,Early_Int,150515,14,6,1.59717215,17.24164,7.6
1219,GHP,Early,Early_Int,150515,16,2,1.34506783,16.83388,6.2
1220,GHP,Early,Early_Int,150515,16,3,1.364846196,16.9698,6.2
1221,GHP,Early,Early_Int,150515,16,4,1.092316958,17.10572,6.2
1222,GHP,Early,Early_Int,150515,16,5,1.626389132,17.24164,6.2
1223,GHP,Early,Early_Int,150515,17,2,2.513858968,16.69796,6
1224,GHP,Early,Early_Int,150515,17,3,1.78905182,16.83388,6
1225,GHP,Early,Early_Int,150515,17,4,1.760337524,16.9698,6
1226,GHP,Early,Early_Int,150515,17,5,2.138056847,17.10572,6
1227,GHP,Early,Early_Int,150515,17,6,1.624438351,17.24164,6
1228,GHP,Early,Early_Int,150515,19,1,0.784679487,16.83388,5.5
1229,GHP,Early,Early_Int,150515,19,2,1.248355042,16.9698,5.5
1230,GHP,Early,Early_Int,150515,19,3,1.309699866,17.10572,5.5
1231,GHP,Early,Early_Int,150515,19,4,1.709175836,17.24164,5.5
1232,GHP,Early,Early_Int,150515,20,1,1.303032961,16.83388,4.9
1233,GHP,Early,Early_Int,150515,20,2,1.852136775,16.9698,4.9
1234,GHP,Early,Early_Int,150515,20,3,1.696882229,17.10572,4.9
1235,GHP,Early,Early_Int,150515,20,4,0.947915152,17.24164,4.9
1236,UMP,Early,Early_Int,150515,22,1,2.535892623,18.01996,6.1
1237,UMP,Early,Early_Int,150515,22,2,1.434926388,18.31197,6.1
1238,UMP,Early,Early_Int,150515,22,3,2.021365056,18.60399,6.1
1239,UMP,Early,Early_Int,150515,22,4,1.76569311,18.89601,6.1
1240,UMP,Early,Early_Int,150515,22,5,1.013079625,19.18803,6.1
1241,UMP,Early,Early_Int,150515,26,2,2.349333041,18.31197,5.7
1242,UMP,Early,Early_Int,150515,26,3,1.702321475,18.60399,5.7
1243,UMP,Early,Early_Int,150515,26,4,2.31662273,18.89601,5.7
1244,UMP,Early,Early_Int,150515,26,5,1.439398133,19.18803,5.7
1245,UMP,Early,Early_Int,150515,28,2,4.113566033,18.31197,7.8
1246,UMP,Early,Early_Int,150515,28,3,3.309368218,18.60399,7.8
1247,UMP,Early,Early_Int,150515,28,4,1.924991226,18.89601,7.8
1248,UMP,Early,Early_Int,150515,28,5,1.492652094,19.18803,7.8
1249,UMP,Early,Early_Int,150515,29,1,3.340166604,18.31197,7
1250,UMP,Early,Early_Int,150515,29,2,3.414930456,18.60399,7
1251,UMP,Early,Early_Int,150515,29,3,2.471718372,18.89601,7
1252,UMP,Early,Early_Int,150515,29,4,2.465739967,19.18803,7
1253,UMP,Early,Early_Int,150515,30,2,2.678326049,18.60399,6.8
1254,UMP,Early,Early_Int,150515,30,3,2.643485233,18.89601,6.8
1255,UMP,Early,Early_Int,150515,30,4,3.333873531,19.18803,6.8
1256,UMP,Early,Early_Int,150515,33,1,2.139319781,18.31197,5.9
1257,UMP,Early,Early_Int,150515,33,2,2.136565048,18.60399,5.9
1258,UMP,Early,Early_Int,150515,33,3,2.795169596,18.89601,5.9
1259,UMP,Early,Early_Int,150515,33,4,2.300067032,19.18803,5.9
1260,UMP,Early,Early_Int,150515,39,2,2.604432766,18.60399,5.5
1261,UMP,Early,Early_Int,150515,39,3,2.012279603,18.89601,5.5
1262,UMP,Early,Early_Int,150515,39,4,1.243256541,19.18803,5.5
1263,NPN,Early,Early_Int,150516,43,2,3.736232577,19.07441,6
1264,NPN,Early,Early_Int,150516,43,3,2.157805537,19.28377,6
1265,NPN,Early,Early_Int,150516,43,4,1.524697848,19.49312,6
1266,NPN,Early,Early_Int,150516,43,5,2.146187943,19.70247,6
1267,NPN,Early,Early_Int,150516,45,1,2.523290083,18.65571,4.8
1268,NPN,Early,Early_Int,150516,45,2,2.234170188,18.86506,4.8
1269,NPN,Early,Early_Int,150516,45,3,1.787332383,19.07441,4.8
1270,NPN,Early,Early_Int,150516,45,4,2.234165061,19.28377,4.8
1271,NPN,Early,Early_Int,150516,45,5,1.498206573,19.49312,4.8
1272,NPN,Early,Early_Int,150516,45,6,1.241931628,19.70247,4.8
1273,NPN,Early,Early_Int,150516,47,2,2.201282969,19.07441,6
1274,NPN,Early,Early_Int,150516,47,3,1.835184,19.28377,6
1275,NPN,Early,Early_Int,150516,47,4,1.944698191,19.49312,6
1276,NPN,Early,Early_Int,150516,47,5,1.700637503,19.70247,6
1277,NPN,Early,Early_Int,150516,50,1,2.45111155,18.65571,6
1278,NPN,Early,Early_Int,150516,50,2,2.0598427,18.86506,6
1279,NPN,Early,Early_Int,150516,50,3,2.85080256,19.07441,6
1280,NPN,Early,Early_Int,150516,50,4,2.349983328,19.28377,6
1281,NPN,Early,Early_Int,150516,50,5,2.280157484,19.49312,6
1282,NPN,Early,Early_Int,150516,50,6,1.060623656,19.70247,6
1283,NPN,Early,Early_Int,150516,53,2,3.321964797,19.28377,5.7
1284,NPN,Early,Early_Int,150516,53,3,2.807815896,19.49312,5.7
1285,NPN,Early,Early_Int,150516,53,4,3.589120629,19.70247,5.7
1286,NPN,Early,Early_Int,150516,55,2,2.656415588,19.07441,5
1287,NPN,Early,Early_Int,150516,55,3,2.136046658,19.28377,5
1288,NPN,Early,Early_Int,150516,55,4,1.695056845,19.49312,5
1289,NPN,Early,Early_Int,150516,55,5,1.329034916,19.70247,5
1290,NPN,Early,Early_Int,150516,56,2,2.918306944,19.07441,5.4
1291,NPN,Early,Early_Int,150516,56,3,2.37924097,19.28377,5.4
1292,NPN,Early,Early_Int,150516,56,4,1.701879968,19.49312,5.4
1293,NPN,Early,Early_Int,150516,56,5,2.111112129,19.70247,5.4
1294,NPN,Early,Early_Int,150516,57,1,3.047991253,19.07441,5.4
1295,NPN,Early,Early_Int,150516,57,2,2.294491654,19.28377,5.4
1296,NPN,Early,Early_Int,150516,57,3,1.892246645,19.49312,5.4
1297,NPN,Early,Early_Int,150516,57,4,2.073543288,19.70247,5.4
1298,NPN,Early,Early_Int,150516,60,1,2.712112933,18.65571,7.2
1299,NPN,Early,Early_Int,150516,60,2,2.055013169,18.86506,7.2
1300,NPN,Early,Early_Int,150516,60,3,1.385232417,19.07441,7.2
1301,NPN,Early,Early_Int,150516,60,4,2.184406712,19.28377,7.2
1302,NPN,Early,Early_Int,150516,60,5,1.585661464,19.49312,7.2
1303,NPN,Early,Early_Int,150516,60,6,2.745094221,19.70247,7.2
1304,WHT,Early,Early_Int,150516,64,3,2.380261059,18.25795,6.5
1305,WHT,Early,Early_Int,150516,64,4,1.934431635,18.64326,6.5
1306,WHT,Early,Early_Int,150516,64,5,2.40293566,19.02857,6.5
1307,WHT,Early,Early_Int,150516,67,2,1.66713696,17.87263,7.4
1308,WHT,Early,Early_Int,150516,67,3,2.568898724,18.25795,7.4
1309,WHT,Early,Early_Int,150516,67,4,3.114509359,18.64326,7.4
1310,WHT,Early,Early_Int,150516,67,5,2.200111444,19.02857,7.4
1311,WHT,Early,Early_Int,150516,71,3,2.892392393,18.64326,6
1312,WHT,Early,Early_Int,150516,71,4,1.868424406,19.02857,6
1313,WHT,Early,Early_Int,150516,72,2,3.646443162,18.25795,6.1
1314,WHT,Early,Early_Int,150516,72,3,2.634064248,18.64326,6.1
1315,WHT,Early,Early_Int,150516,72,4,2.444752315,19.02857,6.1
1316,WHT,Early,Early_Int,150516,76,2,3.436317597,17.87263,5.9
1317,WHT,Early,Early_Int,150516,76,3,2.613634718,18.25795,5.9
1318,WHT,Early,Early_Int,150516,76,4,2.719934907,18.64326,5.9
1319,WHT,Early,Early_Int,150516,76,5,2.565103594,19.02857,5.9
1320,WHT,Early,Early_Int,150516,79,2,2.535145953,18.25795,6.3
1321,WHT,Early,Early_Int,150516,79,3,2.000236831,18.64326,6.3
1322,WHT,Early,Early_Int,150516,79,4,2.15260066,19.02857,6.3
1323,WHT,Early,Early_Int,150516,80,3,3.234270823,18.64326,6.5
1324,WHT,Early,Early_Int,150516,80,4,2.620649603,19.02857,6.5
